	oferta_od	pokaz_oferty_z_numerem_vin	ma_numer_rejestracyjny	marka_pojazdu	model_pojazdu	rok_produkcji	przebieg	pojemnosc_skokowa	rodzaj_paliwa	moc	skrzynia_biegow	naped	typ_nadwozia	liczba_drzwi	liczba_miejsc	kolor	rodzaj_koloru	kraj_pochodzenia	data_pierwszej_rejestracji_w_historii_pojazdu	numer_rejestracyjny_pojazdu	zarejestrowany_w_polsce	bezwypadkowy	serwisowany_w_aso	stan	oblicz	url	cena	description	wyposazenie	dealer	loc	tytul
0	Prywatne	Tak	Tak	Volkswagen	Beetle	2013.0	186000.0	13903.0	Benzyna	160.0	Manualna	Na przednie kola	Kompakt	3.0	4.0	Czarny	Metalik	Niemcy	18 styczen 2013	SCI7353K	Tak	Tak	Tak	Uzywane	VIN	https://www.otomoto.pl/osobowe/oferta/volkswagen-beetle-1-4-benzyna-160-ps-highline-skora-navi-opony-zimowe-ID6FZSdB.html	35900.0	OpisMarka: VWModel: BEETLETyp silnika: BENZYNAPojemnosc: 1.4Moc: 160 PSSkrzynia biegow: MANUALNAData 1-ej rejestracji: 2013Rok produkcji: 2012**Informuje uzytkownikow ogladajacych ogloszenie poprzez serwis Olx, iz pelna galeria zdjec samochodu jest dostepna w serwisie Otomoto**TEL.KONTAKTOWY:Wyswietl numerWyswietl numerPrzed planowanym przyjazdem prosze o kontakt telefoniczny w celu weryfikacji dostepnosci pojazdu.Samochod bardzo bogato wyposazony. Serwisowany, mnostwo rachunkow, wydrukow, ksiazka serwisowa, komplet kluczy.Swiezo po wymianie kompletnego rozrzadu, wszystkich olejow i filtrow. Na ten moment nie wymaga wkladu finansowego.Samochod sprowadzony z Niemiec, swiezo zarejestrowany w Polsce, nieeksploatowany po naszych drogach.WYPOSAZENIE:* Alufelgi 18-calowe z oponami letnimi w bdb stanie z roku 2022 oraz drugi komplet felg aluminiowych   16- calowych z oponami zimowymi* Swiatla bi-xenonowe* Swiatla Led  * PDC - czujniki parkowania z przodu i z tylu* Nawigacja GPS * Naglosnienie Fender z subwooferem w bagazniku* Oswietlenie wnetrza Led* Czarna podsufitka* Doswietlanie zakretow* Tempomat* Podgrzewane fotele* Fotele skorzane* Gniazdo AUX* Klimatyzacja klimatronic dwustrefowa* Lusterko fotochromatyczne* Sensor deszczu* Sensor zmierzchu* Bluetooth* Zestaw glosnomowiacy* Multifunkcyjna kierownica* Wspomaganie kierownicy* 2 x el. sterowane szyby* Elektrycznie regulowane, podgrzewane lusterka* 6x Airbag* Centralny zamek* i inneCENA: 35 900 zlINFORMACJE POD NUMEREM:Wyswietl numerWyswietl numerLokalizacja: 43-410 Zebrzydowice woj. slaskie (kolo Cieszyna)Niniejsze ogloszenie jest wylacznie informacja handlowa i nie stanowi oferty w mysl art. 66,SS 1. Kodeksu Cywilnego. Sprzedajacy nie odpowiada za ewentualne bledy lub nieaktualnosc ogloszenia.	['Interfejs Bluetooth', 'Radio', 'Zestaw glosnomowiacy', 'System nawigacji satelitarnej', 'System naglosnienia', 'Klimatyzacja automatyczna, dwustrefowa', 'Tapicerka skorzana', 'Podgrzewany fotel kierowcy', 'Podgrzewany fotel pasazera', 'Sportowe fotele - przod', 'Podlokietniki - przod', 'Kierownica skorzana', 'Kierownica ze sterowaniem radia', 'Kierownica wielofunkcyjna', 'Dzwignia zmiany biegow wykonczona skora', 'Keyless Go', 'Uruchamianie silnika bez uzycia kluczykow', 'Czujnik deszczu', 'Elektryczne szyby przednie', 'Wycieraczki', 'Tempomat', 'Lampy bi-ksenonowe', 'Kontrola odleglosci z przodu (przy parkowaniu)', 'Kontrola odleglosci z tylu (przy parkowaniu)', 'Lusterka boczne ustawiane elektrycznie', 'Podgrzewane lusterka boczne', 'Kontrola trakcji', 'Czujnik zmierzchu', 'Swiatla do jazdy dziennej diodowe LED', 'Lampy tylne w technologii LED', 'Oswietlenie wnetrza LED', 'Wspomaganie kierownicy', 'Felgi aluminiowe 18', 'ABS', 'ESP', 'Poduszka powietrzna kierowcy', 'Poduszka powietrzna pasazera', 'Kurtyny powietrzne - przod', 'Isofix (punkty mocowania fotelika dzieciecego)']	['Lukasz', 'Osoba prywatna', 'Sprzedajacy na OTOMOTO od 2017']	Zebrzydowice, cieszynski, Slaskie	Volkswagen Beetle2013 * 186 000 km * 1 390 cm3 * Benzyna
1	Prywatne	Tak	unknown	Volkswagen	Beetle	2012.0	24000.0	24803.0	Benzyna+LPG	170.0	Automatyczna	Na przednie kola	Coupe	2.0	4.0	Zolty	unknown	Stany Zjednoczone	styczen 2012	unknown	Tak	unknown	unknown	Uzywane	VIN	https://www.otomoto.pl/osobowe/oferta/volkswagen-beetle-okazja-maly-przebieg-atrakcyjny-wyglad-wnetrze-jak-nowy-ID6FQlDL.html	35800.0	OpisDodatkowy komplet opon zimowych , stan bdb , atrakcyjny wyglad, po wymianie wszystkich  filtrow , olei lacznie ze skrzynia biegow-   udokumentowany , umowa sprzedazy	['Interfejs Bluetooth', 'Radio', 'Gniazdo USB', 'Klimatyzacja automatyczna', 'Tapicerka skorzana', 'Podgrzewany fotel kierowcy', 'Podgrzewany fotel pasazera', 'Kierownica skorzana', 'Keyless Go', 'Elektryczne szyby przednie', 'Tempomat', 'Lusterka boczne ustawiane elektrycznie', 'Podgrzewane lusterka boczne', 'Kontrola trakcji', 'Swiatla do jazdy dziennej', 'Elektroniczna kontrola cisnienia w oponach', 'Wspomaganie kierownicy', 'ABS', 'ESP', 'Elektroniczny system rozdzialu sily hamowania', 'System wspomagania hamowania', 'Poduszka powietrzna kierowcy', 'Poduszka powietrzna pasazera', 'Kurtyny powietrzne - przod', 'Boczna poduszka powietrzna kierowcy', 'Boczne poduszki powietrzne - przod', 'Isofix (punkty mocowania fotelika dzieciecego)']	['roman', 'Osoba prywatna', 'Bardzo sprawnie odpowiada', 'Sprzedajacy na OTOMOTO od 2014']	Skorzewo, poznanski, Wielkopolskie	Niski przebiegVolkswagen Beetle 2.52012 * 24 000 km * 2 480 cm3 * Benzyna+LPG
2	Prywatne	Tak	Tak	Volkswagen	Beetle	2013.0	150545.0	15983.0	Diesel	105.0	Manualna	Na przednie kola	Coupe	2.0	-1.0	Bialy	Metalik	unknown	28 sierpien 2013	PPL	Tak	unknown	Tak	Uzywane	VIN	https://www.otomoto.pl/osobowe/oferta/volkswagen-beetle-beetle-1-6-tdi-stan-idealny-ID6G5jVh.html	40000.0	"OpisSprzedam volkswagen beetle rok 2013 silnik 1.6 TDI Moc 105 km . Skrzynia manual 5 biegow  auto fabrycznie bez dwu masy czyli zwykle nie psujace sie sprzeglo. Auto naprawde zadbane bez wkladu finansowego 100% sprawne W aucie zostal wymieniony kopletny rozrzad wraz z poma Nowe rolki + pasek klinowy i pasek pompy oleju  wszystko zostalo zrobione przy przebiegu 148tys km. Waucie tesz zostal wymieniony olej oraz wszystkie filtry koszt 2,200zl . Posiadam na wszystko faktury Auto jest na nowych oponach zimowych obecnie + posiadam kola orginalne vw 17"" cali .Auto jest bardzo dobrze wyposazone. Climatronic sprawne. multifunkcyjna kierownica skorzana Halogeny + doswietlanie zakretow. Wspomaganie kierownicy Czujniki parkowania Abs Esp I wiele innych Auto mozna sprawdzic na dowolnej stacji diagnoatycznejLub w serwisie volkswagenAuto moje prywatneAuto do obejrzenia w miejscowosco PABIANICE OBOK LODZITel:Wyswietl numer"	['Interfejs Bluetooth', 'Radio', 'Zestaw glosnomowiacy', 'Gniazdo USB', 'System naglosnienia', 'Ekran dotykowy', 'Sterowanie funkcjami pojazdu za pomoca glosu', 'Klimatyzacja automatyczna', 'Tapicerka materialowa', 'Regul. elektr. podparcia ledzwiowego - kierowca', 'Regul. elektr. podparcia ledzwiowego - pasazer', 'Podlokietniki - przod', 'Kierownica skorzana', 'Kierownica sportowa', 'Kierownica ze sterowaniem radia', 'Kolumna kierownicy regulowana elektrycznie', 'Kierownica wielofunkcyjna', 'Dzwignia zmiany biegow wykonczona skora', 'Czujnik deszczu', 'Podgrzewana przednia szyba', 'Elektryczne szyby przednie', 'Elektryczne szyby tylne', 'Wycieraczki', 'Tempomat', 'Kontrola odleglosci z przodu (przy parkowaniu)', 'Kontrola odleglosci z tylu (przy parkowaniu)', 'Lusterka boczne ustawiane elektrycznie', 'Podgrzewane lusterka boczne', 'Lusterka boczne skladane elektrycznie', 'Ogranicznik predkosci', 'Kontrola trakcji', 'Wspomaganie ruszania pod gore- Hill Holder', 'Dynamiczne swiatla doswietlajace zakrety', 'Czujnik zmierzchu', 'Lampy doswietlajace zakret', 'Swiatla do jazdy dziennej', 'Swiatla do jazdy dziennej diodowe LED', 'Lampy przeciwmgielne', 'Elektroniczna kontrola cisnienia w oponach', 'Wspomaganie kierownicy', 'Felgi aluminiowe 17', 'ABS', 'ESP', 'Elektroniczny system rozdzialu sily hamowania', 'Poduszka powietrzna kierowcy', 'Poduszka powietrzna pasazera', 'Kurtyny powietrzne - przod', 'Boczna poduszka powietrzna kierowcy', 'Boczne poduszki powietrzne - przod', 'Kurtyny powietrzne - tyl', 'Poduszka powietrzna pasow bezpieczenstwa', 'Isofix (punkty mocowania fotelika dzieciecego)']	['', 'Osoba prywatna', 'Sprzedajacy na OTOMOTO od 2017']	Pabianice, pabianicki, Lodzkie	Volkswagen Beetle2013 * 150 545 km * 1 598 cm3 * Diesel
3	Prywatne	Tak	Tak	Volkswagen	Beetle	2012.0	123358.0	13903.0	Benzyna	160.0	Manualna	Na przednie kola	Coupe	2.0	4.0	Brazowy	Perlowy	Niemcy	12 grudzien 2012	BS5439C	Tak	Tak	Tak	Uzywane	VIN	https://www.otomoto.pl/osobowe/oferta/volkswagen-beetle-123000km-sportline-jak-nowy-zarejestrowany-ID6FTsm7.html	42900.0	OpisVW  BEETLE  SPORTLINEEURO 5MODEL 2013AUTO JUZ ZAREJESTROWANE W POLSCE przeglad i OC wazne do 10.2024rok produkcji  2012 GRUDZIEN pojemnosc  1,4 TSI  160 KM benzynamanualna skrzynia 6 cio biegowareflektory BI XENON swiatla LED do jazdy dziennejczujnik deszczufotochromatyczne lusterko wstecznedwustrefowa klimatyzacja CLIMATRONICkubelkowe podgrzewane foteleczarna podsufitkamuzyka i telefon przez BLUETOOTHdotykowa stacja multimedialna SD USB HDD DVD + 8 glosnikowzmieniarka na 6 plyt CDskorzana kierownicakomputer pokladowy z Polskim  menutempomatelektrycznie regulowane i   podgrzewane   lusterkaelektryczne szyby podswietlenie wnetrza  AMBIENT8 poduszek powietrznych (kurtyny powietrzne)ABS,ASR,ESP-kontrola trakcji ze stabilizacja toru jazdy  HILL HOLD asystent podjazdu pod wzniesienieczujniki parkowania PARCTRONIC z wizualizacja przod i tyl halogeny z funkcja doswietlania zakretow             aluminiowe felgi 17 calowekompletna dokumentacja  serwisowa i komplet kluczykowAUTO PO DUUUZYM SERWISIE-nowy kompletny rozrzad-nowy akumulator-wymieniony olej +filtry-wymienione swiece-klimatyzacja po serwisie-opony UNIROYAL w stanie idealnymSPROWADZONY Z NIEMIECDRUGI WLASCICIEL OD NOWOSCIOPLACONY,GOTOWY DO REJESTRACJIKOSZT ZAREJESTROWANIA 161 ZLOC NA 30 DNI W CENIE AUTAORYGINALNY PRZEBIEG  123000 kmBEZWYPADKOWYAUTO ZNAJDUJE SIE W AUTO KOMISIE PRZY UL RACZKOWSKIEJ 133WYSTAWIAM FAKTURE VAT MARZAMOZLIWA ZAMIANAOGLADAJACYCH Z OLX ZAPRASZAM PO WIECEJ ZDJEC NA OTOMOTO	['Interfejs Bluetooth', 'Radio', 'Zestaw glosnomowiacy', 'Gniazdo USB', 'Ekran dotykowy', 'Klimatyzacja automatyczna, dwustrefowa', 'Tapicerka materialowa', 'Podgrzewany fotel kierowcy', 'Podgrzewany fotel pasazera', 'Sportowe fotele - przod', 'Podlokietniki - przod', 'Kierownica skorzana', 'Kierownica sportowa', 'Zmiana biegow w kierownicy', 'Dzwignia zmiany biegow wykonczona skora', 'Elektryczne szyby przednie', 'Tempomat', 'Lampy bi-ksenonowe', 'Kontrola odleglosci z przodu (przy parkowaniu)', 'Kontrola odleglosci z tylu (przy parkowaniu)', 'Lusterka boczne ustawiane elektrycznie', 'Podgrzewane lusterka boczne', 'Kontrola trakcji', 'Wspomaganie ruszania pod gore- Hill Holder', 'Czujnik zmierzchu', 'Lampy doswietlajace zakret', 'Swiatla do jazdy dziennej', 'Swiatla do jazdy dziennej diodowe LED', 'Lampy przeciwmgielne', 'Lampy przeciwmgielne w technologii LED', 'Elektroniczna kontrola cisnienia w oponach', 'Wspomaganie kierownicy', 'Blokada mechanizmu roznicowego', 'Felgi aluminiowe 17', 'Opony letnie', 'ABS', 'ESP', 'Elektroniczny system rozdzialu sily hamowania', 'Poduszka powietrzna kierowcy', 'Poduszka powietrzna pasazera', 'Boczna poduszka powietrzna kierowcy', 'Boczne poduszki powietrzne - przod', 'Isofix (punkty mocowania fotelika dzieciecego)']	['Karol', 'Osoba prywatna', 'Sprzedajacy na OTOMOTO od 2020']	Suwalki, Podlaskie	Volkswagen Beetle 1.4 TSI Sport2012 * 123 358 km * 1 390 cm3 * Benzyna
4	Firma	Tak	Tak	Volkswagen	Beetle	2012.0	182520.0	19683.0	Diesel	140.0	Manualna	unknown	Coupe	2.0	4.0	Bialy	unknown	unknown	23 pazdziernik 2012	EZG23399	unknown	unknown	unknown	Uzywane	VIN	https://www.otomoto.pl/osobowe/oferta/volkswagen-beetle-2-0-tdi-bogata-wersja-super-stan-ID6FNhjT.html	39900.0	OpisStarCar Samochody Uzywane oferuje do sprzedazy wyjatkowego VW Beetle z niezawodnym silnikiem diesla 2.0 TDI z manualna 6-biegowa skrzynia biegow. Dzieki temu polaczeniu samochod jest dynamiczny i zarazem bardzo oszczedny. Wyposazenie obejmuje m.in.:- automatyczna klimatyzacja dwustrefowa- alufelgi + drugi komplet zimowek rowniez na oryginalnych alufelgach VW- oryginalne dwukolorowe nadwozie- podgrzewane przednie fotele- radio z dotykowym ekranem - nawigacja satelitarna - czujniki parkowania z przodu i z tylu- tempomat- elektrycznie otwierany szyberdachi wiele innych.Samochod do obejrzenia w Glownie, lub po wczesniejszym ustaleniu w siedzibie naszej firmy w Aleksandrowie Lodzkim.Istnieje mozliwosc wystawienia faktury VAT, oraz gwarancji - do ustalenia indywidualnie. Oferujemy dogodne mozliwosci finansowania oraz ubezpieczenia OC/AC. Przyjmujemy samochody w rozliczeniu.Zapraszam do kontaktu:tel:Wyswietl numerNiniejsze ogloszenie jest wylacznie informacja handlowa i nie stanowi oferty w mysl art. 66, paragraf 1. Kodeksu Cywilnego. Sprzedajacy nie odpowiada za ewentualne bledy lub nieaktualnosc ogloszenia	[]	['StarCar Samochody Uzywane', 'Sprzedajacy profesjonalny', 'Bardzo sprawnie odpowiada', 'Sprzedajacy na OTOMOTO od 2023']		Volkswagen Beetle2012 * 182 520 km * 1 968 cm3 * Diesel
5	Prywatne	Tak	unknown	Volkswagen	Beetle	2015.0	152000.0	11973.0	Benzyna	105.0	Manualna	unknown	Kabriolet	2.0	-1.0	Brazowy	unknown	unknown	unknown	unknown	unknown	unknown	unknown	Uzywane	VIN	https://www.otomoto.pl/osobowe/oferta/volkswagen-beetle-cabrio-ID6G2Ywc.html	48000.0	OpisSprowadzony z Niemiec, oryginalny przebieg, nie wymaga zadnych inwestycji. 2 kluczyki.	['Radio', 'Gniazdo USB', 'Klimatyzacja manualna', 'Dach materialowy', 'Tapicerka materialowa', 'Dach otwierany elektrycznie', 'Kontrola odleglosci z przodu (przy parkowaniu)', 'Kontrola odleglosci z tylu (przy parkowaniu)', 'Lusterka boczne ustawiane elektrycznie', 'Podgrzewane lusterka boczne', 'Lusterka boczne skladane elektrycznie', 'Swiatla do jazdy dziennej', 'Lampy przeciwmgielne', 'Wspomaganie kierownicy', 'Felgi aluminiowe 16', 'Opony wielosezonowe', 'ABS', 'ESP', 'Poduszka powietrzna kierowcy', 'Poduszka powietrzna pasazera', 'Kurtyny powietrzne - przod', 'Boczna poduszka powietrzna kierowcy', 'Boczne poduszki powietrzne - przod', 'Boczne poduszki powietrzne - tyl', 'System zabezpieczajacy podczas dachowania']	['Andrzej', 'Osoba prywatna', 'Bardzo sprawnie odpowiada', 'Sprzedajacy na OTOMOTO od 2021']	Gdansk, Wzgorze Mickiewicza	Volkswagen Beetle The Cabriolet 1.2 TSI (BlueMotion Tech)2015 * 152 000 km * 1 197 cm3 * Benzyna
6	Prywatne	Tak	Tak	Volkswagen	Beetle	2012.0	174390.0	24803.0	Benzyna	170.0	Automatyczna	Na przednie kola	Coupe	2.0	4.0	Brazowy	Metalik	Stany Zjednoczone	23 czerwiec 2012	BC6310KT	unknown	unknown	unknown	Uzywane	VIN	https://www.otomoto.pl/osobowe/oferta/volkswagen-beetle-2-5-r5-benzyna-170km-automat-dsg-ID6G3yGN.html	40900.0	OpisWitam,Na sprzedaz Volkswagen Beetle 2012r. z najlepszym silnikiem benzynowym 2.5l R5 o mocy 170KM - skrzynia automatyczna DSG. Samochod zadbany, serwisowany na biezaco, uzytkowany przez jedna osobe.W ostatnim czasie wymienione:Olej + wszystkie filtry, pokrywa zaworow, olej w skrzyni biegow. Samochod zarejestrowany w Ukrainie, wiecej szczegolow udziele telefonicznie.Zapraszam do kontaktu.	['Interfejs Bluetooth', 'Radio', 'Zestaw glosnomowiacy', 'Gniazdo USB', 'System naglosnienia', 'Klimatyzacja automatyczna', 'Podgrzewany fotel kierowcy', 'Podgrzewany fotel pasazera', 'Kierownica skorzana', 'Elektryczne szyby przednie', 'Tempomat', 'Lusterka boczne ustawiane elektrycznie', 'Podgrzewane lusterka boczne', 'Kontrola trakcji', 'Swiatla do jazdy dziennej', 'Elektroniczna kontrola cisnienia w oponach', 'Wspomaganie kierownicy', 'Felgi aluminiowe 16', 'ABS', 'ESP', 'Elektroniczny system rozdzialu sily hamowania', 'System wspomagania hamowania', 'Poduszka powietrzna kierowcy', 'Poduszka powietrzna pasazera', 'Kurtyny powietrzne - przod', 'Boczna poduszka powietrzna kierowcy', 'Boczne poduszki powietrzne - przod', 'Isofix (punkty mocowania fotelika dzieciecego)']	['Kasper', 'Osoba prywatna', 'Sprzedajacy na OTOMOTO od 2018']	Banino, kartuski, Pomorskie	Volkswagen Beetle 2.52012 * 174 390 km * 2 480 cm3 * Benzyna
7	Prywatne	Tak	Tak	Volkswagen	Beetle	2012.0	185000.0	19683.0	Diesel	140.0	Automatyczna	Na przednie kola	Kompakt	2.0	5.0	Szary	Metalik	unknown	30 pazdziernik 2012	KRA879AX	Tak	Tak	Tak	Uzywane	VIN	https://www.otomoto.pl/osobowe/oferta/volkswagen-beetle-beetle-2-0-tdi-140km-dsg-automat-czujniki-climatronic-idealny-stan-ID6G058i.html	46900.0	OpisVolkswagen Beetle 2.0 TDI 140 KM z automatyczna skrzynia biegow DSG Samochod w stanie perfekcyjnym.  Spelni oczekiwania wymagajacego kupujacego.Technicznie jak i wizualnie samochod utrzymany w idealnym stanie. Prowadzi sie i wyglada jak nowy samochod. Wnetrze bardzo zadbane. Jest czyste i nie nosi oznak zuzycia.W samochodzie nie bylo paloneSamochod prowadzi sie bardzo dobrze i nie wymaga wkladu finansowego.Auto na biezaco serwisowane co potwierdza ksiazka serwisowa. Ostatni serwis 174 000 kmW samochodzie zostaly zalozony komplet nowych opon. Pozostale elementy eksploatacyjne takie jak tarcze klocki itp w bardzo dobrym stanie. Nic nie wymaga wymiany. Przeglad wazny prawie rok, OC - 6 miesiecy Samochod bez wypadkowy Samochod posiada miedzy innymi:- Czarna podsufitke - Czujniki parkowania tylnie - Czujniki parkowania przednie- Felgi aluminiowe  - Automatyczna klimatyzacje dwu strefowa- Multimedia- Kierownice wielofunkcyjna- Czujnik deszczu- Czujnik zmierzchu- Obsluga telefonu- Lusterko fotochromatyczne i wiele innychPo wiecej informacji zachecam do kontaktu telefonicznego:Wyswietl numer- oraz zapraszam na jazde probna.Wiecej zdjec na portalu otomoto	['Interfejs Bluetooth', 'Radio', 'Zestaw glosnomowiacy', 'Gniazdo USB', 'System naglosnienia', 'Klimatyzacja automatyczna, dwustrefowa', 'Tapicerka materialowa', 'Podlokietniki - przod', 'Kierownica skorzana', 'Dzwignia zmiany biegow wykonczona skora', 'Czujnik deszczu', 'Elektryczne szyby przednie', 'Elektryczne szyby tylne', 'Wycieraczki', 'Kontrola odleglosci z przodu (przy parkowaniu)', 'Kontrola odleglosci z tylu (przy parkowaniu)', 'Lusterka boczne ustawiane elektrycznie', 'Podgrzewane lusterka boczne', 'Kontrola trakcji', 'Wspomaganie ruszania pod gore- Hill Holder', 'Lampy doswietlajace zakret', 'Swiatla do jazdy dziennej', 'Lampy przeciwmgielne', 'Elektroniczna kontrola cisnienia w oponach', 'Wspomaganie kierownicy', 'Filtr czastek stalych', 'Felgi aluminiowe 16', 'ABS', 'ESP', 'System wspomagania hamowania', 'Poduszka powietrzna kierowcy', 'Poduszka powietrzna pasazera', 'Kurtyny powietrzne - przod', 'Boczne poduszki powietrzne - przod', 'Isofix (punkty mocowania fotelika dzieciecego)']	['Piotr', 'Osoba prywatna', 'Sprzedajacy na OTOMOTO od 2018']	Krakow, Zwierzyniec	Volkswagen Beetle 2.0 TDI Design DSG2012 * 185 000 km * 1 968 cm3 * Diesel
8	Prywatne	Tak	unknown	Volkswagen	New Beetle	2013.0	223000.0	19683.0	Diesel	140.0	Manualna	Na przednie kola	Auta miejskie	3.0	4.0	Czarny	Metalik	unknown	unknown	unknown	Tak	Tak	unknown	Uzywane	VIN	https://www.otomoto.pl/osobowe/oferta/volkswagen-new-beetle-vw-newbeetle-2-0-tdi-1-wszy-wlasciciel-nowy-silnik-doinwestowany-ID6FVBvx.html	33500.0	OpisVw New Beetle 2.0 TDI 140 km. W samochodzie w ostatnim czasie zmieniony zostal silnik na taki ze znikomym przebiegiem ( stary zaczal stukac). Przy okazji zmieniony zostal kompletny rozrzad wraz z filtrami i olejem. Zalozony nowy kompletny EGR wraz z nowa chlodniczka, pol roku temu kompletne zawieszenie z przodu i zaciski tylne. Auto nie wymaga wkladu finansowego. Samochod dobrze wyposazony :-Dwustrefowa klimatyzacja -Tempomat -Oryginalne, dotykowe,  radio VW z systemem glosnomowiacym i mozliwoscia odtwarzania muzyki przez Bluetooth-Wykonczeniem wnetrza Piano black w dobrym stanie -Swiatla do jazdy dziennej -Szyberdach elektryczny -Trojramienna scieta kierownica-Doswietlanie zakretow  -Domykanie z pilota Auto bardzo dobrze utrzymane z pachnacym i czystym wnetrzem, bezpieczne- wyposazone w pelen zestaw poduszek powietrznych. Auto od nowosci w rodzinie. Posiada normalne slady uzytkowania. Zapraszam do kontaktu.Wyswietl numerCena do negocjacji.	['Interfejs Bluetooth', 'Radio', 'System nawigacji satelitarnej', 'Ekran dotykowy', 'Klimatyzacja automatyczna, dwustrefowa', 'Szyberdach szklany - przesuwny i uchylny elektrycz', 'Podlokietniki - przod', 'Kierownica sportowa', 'Czujnik deszczu', 'Elektryczne szyby przednie', 'Wycieraczki', 'Tempomat', 'Kontrola trakcji', 'Lampy doswietlajace zakret', 'ABS', 'ESP']	['Dawid', 'Osoba prywatna', 'Sprzedajacy na OTOMOTO od 2019']	Warszawa, Zoliborz	Volkswagen New Beetle2013 * 223 000 km * 1 968 cm3 * Diesel
9	Prywatne	Tak	Tak	Volkswagen	Beetle	2013.0	164000.0	19683.0	Diesel	140.0	Automatyczna	Na przednie kola	Coupe	3.0	4.0	Szary	Metalik	Stany Zjednoczone	styczen 2013	EPA33965	Tak	unknown	unknown	Uzywane	VIN	https://www.otomoto.pl/osobowe/oferta/volkswagen-beetle-2-0tdi-dsg-ID6FukZg.html	44000.0	OpisVW Beetle 2.0TDi 140PSSkrzynia automatyczna DSG___Sprowadzony z USA, pierwszy wlasciciel w kraju Cena brutto, wystawiamy fakture vat marzaMozliwosc finansowania zakupu, pozostawienia innego auta w rozliczeniu___Nowe opony letnie, 2 kluczyki, pelna dokumentacja...___Wyposazenie:Audio i multimediaInterfejs BluetoothRadioZestaw glosnomowiacyGniazdo USBSystem naglosnieniaEkran dotykowyKomfort i dodatkiKlimatyzacja manualnaSzyberdach szklany - przesuwny i uchylny elektryczTapicerka skorzanaPodgrzewany fotel kierowcyPodgrzewany fotel pasazeraRegul. elektr. podparcia ledzwiowego - kierowcaPodlokietniki - przodKierownica skorzanaKierownica sportowaKierownica ze sterowaniem radiaKierownica wielofunkcyjnaZmiana biegow w kierownicyDzwignia zmiany biegow wykonczona skoraKeyless GoUruchamianie silnika bez uzycia kluczykowElektryczne szyby przedniePrzyciemniane tylne szybyWycieraczkiSystemy wspomagania kierowcyTempomatLusterka boczne ustawiane elektryczniePodgrzewane lusterka boczneKontrola trakcjiWspomaganie ruszania pod gore- Hill HolderSwiatla do jazdy dziennejWspomaganie kierownicyOsiagi i tuningFelgi aluminiowe 17Opony letnieBezpieczenstwoABSESPSystem wspomagania hamowaniaPoduszka powietrzna kierowcyPoduszka powietrzna pasazeraKurtyny powietrzne - przodBoczne poduszki powietrzne - przodIsofix (punkty mocowania fotelika dzieciecego)	['Interfejs Bluetooth', 'Radio', 'Zestaw glosnomowiacy', 'Gniazdo USB', 'System naglosnienia', 'Ekran dotykowy', 'Klimatyzacja manualna', 'Szyberdach szklany - przesuwny i uchylny elektrycz', 'Tapicerka skorzana', 'Podgrzewany fotel kierowcy', 'Podgrzewany fotel pasazera', 'Regul. elektr. podparcia ledzwiowego - kierowca', 'Podlokietniki - przod', 'Kierownica skorzana', 'Kierownica sportowa', 'Kierownica ze sterowaniem radia', 'Kierownica wielofunkcyjna', 'Zmiana biegow w kierownicy', 'Dzwignia zmiany biegow wykonczona skora', 'Keyless Go', 'Uruchamianie silnika bez uzycia kluczykow', 'Elektryczne szyby przednie', 'Przyciemniane tylne szyby', 'Wycieraczki', 'Tempomat', 'Lusterka boczne ustawiane elektrycznie', 'Podgrzewane lusterka boczne', 'Kontrola trakcji', 'Wspomaganie ruszania pod gore- Hill Holder', 'Swiatla do jazdy dziennej', 'Wspomaganie kierownicy', 'Filtr czastek stalych', 'Felgi aluminiowe 17', 'Opony letnie', 'ABS', 'ESP', 'System wspomagania hamowania', 'Poduszka powietrzna kierowcy', 'Poduszka powietrzna pasazera', 'Kurtyny powietrzne - przod', 'Boczne poduszki powietrzne - przod', 'Isofix (punkty mocowania fotelika dzieciecego)']	['Marek', 'Osoba prywatna', 'Bardzo sprawnie odpowiada', 'Sprzedajacy na OTOMOTO od 2015']	Lodz, Gorna	Volkswagen Beetle The 2.0 TDI DSG DPF2013 * 164 000 km * 1 968 cm3 * Diesel
10	Prywatne	Tak	Tak	Volkswagen	Beetle	2013.0	161000.0	19683.0	Diesel	140.0	Manualna	Na przednie kola	Coupe	3.0	4.0	Brazowy	Metalik	Wlochy	26 wrzesien 2013	DB4242k	Tak	unknown	unknown	Uzywane	VIN	https://www.otomoto.pl/osobowe/oferta/volkswagen-beetle-ID6G3LZB.html	41999.0	OpisAuto sprowadzone z Wloch w bardzo dobrym stanie technicznym, bogata wersja, z malym przebiegiem. Wiecej informacji udzielam tylko telefonicznie. Nie wymaga wkladu wlasnego, przeglad wazny do 06.2023	['Interfejs Bluetooth', 'Radio', 'Zestaw glosnomowiacy', 'Gniazdo USB', 'System nawigacji satelitarnej', 'System naglosnienia', 'Ekran dotykowy', 'Klimatyzacja manualna', 'Tapicerka materialowa', 'Podgrzewany fotel kierowcy', 'Podgrzewany fotel pasazera', 'Podlokietniki - przod', 'Kierownica skorzana', 'Kierownica ze sterowaniem radia', 'Kierownica wielofunkcyjna', 'Dzwignia zmiany biegow wykonczona skora', 'Keyless entry', 'Czujnik deszczu', 'Elektryczne szyby przednie', 'Wycieraczki', 'Dach otwierany elektrycznie', 'Tempomat', 'Lampy bi-ksenonowe', 'Lusterka boczne ustawiane elektrycznie', 'Podgrzewane lusterka boczne', 'Kontrola trakcji', 'Wspomaganie ruszania pod gore- Hill Holder', 'Czujnik zmierzchu', 'Spryskiwacze reflektorow', 'Lampy doswietlajace zakret', 'Swiatla do jazdy dziennej diodowe LED', 'Lampy przeciwmgielne', 'Wspomaganie kierownicy', 'Filtr czastek stalych', 'Felgi aluminiowe 17', 'Opony wielosezonowe', 'ABS', 'ESP', 'System wspomagania hamowania', 'Poduszka powietrzna kierowcy', 'Poduszka powietrzna pasazera', 'Poduszka kolan kierowcy', 'Poduszka kolan pasazera', 'Kurtyny powietrzne - przod', 'Boczne poduszki powietrzne - przod', 'Isofix (punkty mocowania fotelika dzieciecego)']	['Piotr', 'Osoba prywatna', 'Sprzedajacy na OTOMOTO od 2023']	Walbrzych, Dolnoslaskie	Volkswagen Beetle The 2.0 TDI DPF Fender Edition2013 * 161 000 km * 1 968 cm3 * Diesel
11	Firma	Tak	Tak	Volkswagen	Beetle	2015.0	132000.0	13953.0	Benzyna	150.0	Automatyczna	Na przednie kola	Auta miejskie	2.0	4.0	Czarny	Perlowy	Francja	05 marzec 2015	pob28312	Tak	unknown	unknown	Uzywane	VIN	https://www.otomoto.pl/osobowe/oferta/volkswagen-beetle-vw-beetle-1-4-automat-dsg-klima-ID6G4Aq7.html	49900.0	OpisVW Beetle 2015 rok1.4 150 kmAutomat dsgKlimatyzacjakameraPodgrzewane foteleFull LedBardzo bogate wyposazenieKredytPojazd zarejestrowany ubespieczony- Dodatkowe informacje: liczba miejsc: 4, tapicerka: skora, tapicerka kolor: bezowy, kraj pochodzenia: FrancjaNumer oferty: AKL17X7DG	['Klimatyzacja automatyczna, dwustrefowa', 'Tapicerka skorzana']	['Car-Market', 'Sprzedajacy profesjonalny', 'Sprzedajacy na OTOMOTO od 2021']	Zobacz wiecej ofert (9) tego sprzedawcy	Volkswagen Beetle 1.4 TSI BMT Design DSG2015 * 132 000 km * 1 395 cm3 * Benzyna
12	Firma	Tak	Tak	Volkswagen	New Beetle	2012.0	119000.0	13903.0	Benzyna	160.0	Manualna	Na przednie kola	Coupe	3.0	4.0	Czarny	Metalik	Niemcy	unknown	xxxxxx	unknown	unknown	Tak	Uzywane	VIN	https://www.otomoto.pl/osobowe/oferta/volkswagen-new-beetle-xenon-klimatronik-alu-ladny-z-niemiec-oplacony-ID6G3H3U.html	36900.0	OpisSprzedam VW New Beetle 2012r1.4 benzyna 160KM6 biegow 119 tys km (oryginalny potwierdzony)Auto swiezo sprowadzone z Niemiec w calosci jak na zdjeciach kupione od osoby prywatnej silnik skrzynia biegow zawieszenie w bdb stanie wnetrze zadbane 2 kluczyki oraz ksiazka serwisowa bogata wersja wyposazenia Klimatronik XenonTempomat Komputer pokladowy Centralny zamek Elektryczne szybyElektrycznie sterowane lusterka Abs Espczujniki parkowania tyl i przodisofix podgrzewane przednie fotele Poduszki powietrzne Wspomaganie kierownicy Alufelgi Ledy itp.Auto przygotowane do rejestracji w Polsce koszt rejestracji 260zl faktura VAT marza mozliwosc transportu lub odjazdu na kolach po wykupieniu OC mozliwosc sprawdzenia auta na stacji diagnostycznej wiecej zdjec na Auto-Sad.otomoto.pl blizsze informacje pod nr tel	['Radio', 'Klimatyzacja automatyczna, dwustrefowa', 'Podgrzewany fotel kierowcy', 'Podgrzewany fotel pasazera', 'Kierownica skorzana', 'Kierownica ze sterowaniem radia', 'Kierownica wielofunkcyjna', 'Czujnik deszczu', 'Elektryczne szyby przednie', 'Tempomat', 'Lampy ksenonowe', 'Podgrzewane lusterka boczne', 'Kontrola trakcji', 'Czujnik zmierzchu', 'Swiatla do jazdy dziennej', 'Swiatla do jazdy dziennej diodowe LED', 'Lampy przeciwmgielne', 'Wspomaganie kierownicy', 'Felgi aluminiowe 17', 'ABS', 'ESP', 'Poduszka powietrzna kierowcy', 'Poduszka powietrzna pasazera', 'Isofix (punkty mocowania fotelika dzieciecego)']	['Auto-Sad', 'Sprzedajacy profesjonalny', 'Bardzo sprawnie odpowiada', 'Sprzedajacy na OTOMOTO od 2019']	Zobacz wiecej ofert (10) tego sprzedawcy	Volkswagen New Beetle2012 * 119 000 km * 1 390 cm3 * Benzyna
13	Firma	Tak	unknown	Volkswagen	Beetle	2012.0	151336.0	13903.0	Benzyna	160.0	Manualna	Na przednie kola	Coupe	2.0	4.0	Czarny	Metalik	unknown	07 czerwiec 2012	unknown	unknown	Tak	unknown	Uzywane	VIN	https://www.otomoto.pl/osobowe/oferta/volkswagen-beetle-klimatronik-alufelgi-17-gwarancja-6-m-ID6G4EGA.html	39900.0	OpisGWARANCJA NA 6 miesiecy W CENIE SAMOCHODU - o szczegoly pytaj Sprzedawce.CENA ZAWIERA WSZYSTKIE KOSZTY DO MOMENTU REJESTRACJI W KRAJU.KUPUJACY ZWOLNIONY Z OPLATY SKARBOWEJ.MOZLIWE TABLICE I UBEZPIECZENIE.BEZ KOROZJI - SAMOCHOD NIE EKSPLOATOWANY W WARUNKACH ZIMOWYCH.GWARANTOWANY PRZEBIEG.KOMPLET KLUCZYKOW.KSIAZKA SERWISOWA.Stan techniczny jest BARDZO DOBRY.WNETRZE ZADBANE, CZYSTE.Kupujac samochod w Firmie Auto Baks otrzymujecie Panstwo komplet dokumentow wymaganych do rejestracji auta czyli:-Oryginalne dokumenty samochodu-Tlumaczenia-Oplacona Akcyze-FAKTURE VAT MARZA.-Ubezpieczenie OC (+60 zl na 30 dni).Istnieje mozliwosc sprawdzenia samochodu na stacji diagnostycznej lub w ASO.*** NAJTANSZY KREDYT NA RYNKU - skorzystaj z zakupu na RATY ! ****** ZADZWON I ZAPYTAJ O KREDYT***Cena zawiera wszystkie koszty do momentu rejestracji w kraju (+260 zl)Zapraszamy !Powyzsza oferta ma charakter informacyjny i nie stanowi oferty handlowej w rozumieniu art. 66 SS1 Kodeksu Cywilnego.	['Interfejs Bluetooth', 'Radio', 'Ekran dotykowy', 'Klimatyzacja automatyczna, dwustrefowa', 'Tapicerka materialowa', 'Sportowe fotele - przod', 'Podlokietniki - przod', 'Kierownica skorzana', 'Kierownica ze sterowaniem radia', 'Kierownica wielofunkcyjna', 'Zmiana biegow w kierownicy', 'Dzwignia zmiany biegow wykonczona skora', 'Elektryczne szyby przednie', 'Przyciemniane tylne szyby', 'Wycieraczki', 'Tempomat', 'Kontrola odleglosci z przodu (przy parkowaniu)', 'Kontrola odleglosci z tylu (przy parkowaniu)', 'Lusterka boczne ustawiane elektrycznie', 'Podgrzewane lusterka boczne', 'Kontrola trakcji', 'Wspomaganie ruszania pod gore- Hill Holder', 'Lampy doswietlajace zakret', 'Swiatla do jazdy dziennej', 'Lampy przeciwmgielne', 'Elektroniczna kontrola cisnienia w oponach', 'Wspomaganie kierownicy', 'Blokada mechanizmu roznicowego', 'Felgi aluminiowe 17', 'ABS', 'ESP', 'Elektroniczny system rozdzialu sily hamowania', 'Poduszka powietrzna kierowcy', 'Poduszka powietrzna pasazera', 'Boczna poduszka powietrzna kierowcy', 'Boczne poduszki powietrzne - przod', 'Isofix (punkty mocowania fotelika dzieciecego)']	['Auto Baks Sprzedaz Samochodow Uzywanych Z GWARANCJA', 'Sprzedajacy profesjonalny', 'Sprzedajacy na OTOMOTO od 2008']		Volkswagen Beetle 1.4 TSI Sport2012 * 151 336 km * 1 390 cm3 * Benzyna
14	Firma	Tak	unknown	Volkswagen	Beetle	2012.0	250000.0	15983.0	Diesel	105.0	Manualna	Na przednie kola	Kompakt	3.0	-1.0	Czarny	unknown	unknown	unknown	unknown	unknown	unknown	unknown	Uzywane	VIN	https://www.otomoto.pl/osobowe/oferta/volkswagen-beetle-skra-navi-ID6FX0aY.html	36800.0	OpisAuto sprowadzone czysty zadbany bezwypadkowy bogato wyposazony skora Navi czarna podsufitowce Super stan Polecam	['Radio', 'Gniazdo USB', 'System nawigacji satelitarnej', 'System naglosnienia', 'Klimatyzacja automatyczna', 'Tapicerka skorzana', 'Podgrzewany fotel kierowcy', 'Podgrzewany fotel pasazera', 'Sportowe fotele - przod', 'Podlokietniki - przod', 'Podlokietniki - tyl', 'Kierownica skorzana', 'Kierownica sportowa', 'Kierownica wielofunkcyjna', 'Czujnik deszczu', 'Elektryczne szyby przednie', 'Przyciemniane tylne szyby', 'Tempomat', 'Kontrola trakcji', 'Wspomaganie kierownicy', 'Felgi aluminiowe 18', 'ABS', 'ESP', 'System wspomagania hamowania', 'Poduszka powietrzna kierowcy', 'Poduszka powietrzna pasazera', 'Poduszka kolan pasazera', 'Kurtyny powietrzne - przod']	['KOMIS AUTO-MIX', 'Sprzedajacy profesjonalny', 'Bardzo sprawnie odpowiada', 'Sprzedajacy na OTOMOTO od 2006']		Volkswagen Beetle2012 * 250 000 km * 1 598 cm3 * Diesel
15	Prywatne	Tak	Tak	Volkswagen	Beetle	2013.0	172932.0	15983.0	Diesel	105.0	Automatyczna	unknown	Coupe	2.0	-1.0	Bezowy	unknown	unknown	20 sierpien 2013	RSA58580	unknown	unknown	unknown	Uzywane	VIN	https://www.otomoto.pl/osobowe/oferta/volkswagen-beetle-volkswagen-beetle-1-6-tdi-ID6G5fzr.html	40000.0	OpisWitam,Posiadam do sprzedania Volkswagen Beetle 1.6 TDI samochod uzywany przez moja malzonke w naszej rodzinie od dwoch lat, na serwisowany na bieza i bardzo zadbany, wersja z lopatkami na kierownicy do zmiany biegow i wiele wiecej...W razie jakichkolwiek pytan prosze o kontakt.	[]	['Ernest', 'Osoba prywatna', 'Sprzedajacy na OTOMOTO od 2017']	Sanok, sanocki, Podkarpackie	Volkswagen Beetle2013 * 172 932 km * 1 598 cm3 * Diesel
16	Prywatne	Tak	Tak	Volkswagen	New Beetle	2014.0	93200.0	17813.0	Benzyna	170.0	Automatyczna	unknown	Auta male	3.0	4.0	Srebrny	Metalik	Stany Zjednoczone	unknown	unknown	Tak	Tak	unknown	Uzywane	VIN	https://www.otomoto.pl/osobowe/oferta/volkswagen-new-beetle-volkswagen-new-beetle-1-8-turbo-automat-ID6G4k24.html	44900.0	OpisSprzedam pieknego, zadbanego, nowoczesnego garbusa New Beetle. Auto bezwypadkowe, w srodku skora, skrzynia automatyczna i niski przebieg. Wiecej informacji pod numerem telefonu.	['Radio', 'Tapicerka skorzana', 'Podgrzewany fotel kierowcy', 'Podgrzewany fotel pasazera', 'Elektryczne szyby przednie', 'Wycieraczki', 'Tempomat', 'Podgrzewane lusterka boczne', 'Elektroniczna kontrola cisnienia w oponach', 'Wspomaganie kierownicy', 'Felgi aluminiowe 16', 'Opony zimowe', 'ABS', 'Poduszka powietrzna kierowcy', 'Poduszka powietrzna pasazera', 'Isofix (punkty mocowania fotelika dzieciecego)']	['Izabela', 'Osoba prywatna', 'Sprzedajacy na OTOMOTO od 2019']	Bobrek, oswiecimski, Malopolskie	Volkswagen New Beetle2014 * 93 200 km * 1 781 cm3 * Benzyna
17	Prywatne	Tak	Tak	Volkswagen	Beetle	2012.0	185502.0	11973.0	Benzyna	105.0	Manualna	Na przednie kola	Auta male	3.0	4.0	Brazowy	Metalik	unknown	unknown	unknown	unknown	Tak	Tak	Uzywane	VIN	https://www.otomoto.pl/osobowe/oferta/volkswagen-beetle-kafer-design-bi-xenon-ledy-climatronic-alu-bezwypadkowy-ID6G3jJr.html	35999.0	OpisVW Beetle Kafer Design 1.2TSI 105KM ( swiezo sprowadzony z Niemiec ) - 100% Bezwypadkowy  Oryginalny lakier- Samochod  serwisowany do samego konca- Gwarancja pisemna przebiegu ( Przebieg wpisany na fakturze zakupu )- Samochod w  Dobrym stanie zarowno pod wzgledem wizualnym jak i technicznymWyposazenie zawiera :# Pakiet Kafer Design# Reflektory Bi-Xenon# Ledy do jazdy dziennej   # Skorzana wielofunkcyjna kierownica # 18 Calowe alufelgi # Czujniki parkowania przod # Czujniki parkowania Tyl # Oswietlenie ambitne 3 kolory# Naglosnienie Fender z Subuferem # Klimatyzacje automatyczna dwustrefowa # 7 Calowe dotykowy ekran # AUX# USB# Tempomat # Dodatkowe zegary# Podgrzewane fotele# Asystent ruszania pod gorke# 4x Elektryczne szyby# Elektryczne lusterka# Podgrzewane lusterka # Elektrycznie skladane lusterka # System Start/Stop# System ISOFIX# 9 Poduszek powietrznych# ABS# ESP# Wspomaganie kierownicy# Komputer pokladowy # Centralny zamek * Wieksza ilosc zdjec mozna znalezc na portal otomoto* Kupujacy zwolniony z podatku 2%* Mozliwosc pozostawienia aktualnego samochodu w rozliczeniu* Mozliwosc transportu samochodu do miejsca wskazanego przez klienta po wczesniejszych ogledzinach .* Wyrazam zgode na sprawdzenie samochodu na dowolnej stacji diagnostycznejNiniejsze ogloszenie jest wylacznie informacja handlowa i nie stanowi oferty w mysl art.66 SS 1. kodeksu cywilnego. Sprzedajacy nie odpowiada za ewentualne bledy lub nieaktualnosci ogloszenia. Nota ta zostala zawarta ze wzgledu na mozliwosci nie zamierzonych pomylek.	['Radio', 'Zestaw glosnomowiacy', 'Gniazdo USB', 'System naglosnienia', 'Ekran dotykowy', 'Sterowanie funkcjami pojazdu za pomoca glosu', 'Dostep do internetu', 'Klimatyzacja automatyczna, dwustrefowa', 'Tapicerka materialowa', 'Podgrzewany fotel kierowcy', 'Podgrzewany fotel pasazera', 'Regul. elektr. podparcia ledzwiowego - kierowca', 'Podlokietniki - przod', 'Kierownica skorzana', 'Kierownica sportowa', 'Kierownica ze sterowaniem radia', 'Kierownica wielofunkcyjna', 'Elektryczne szyby przednie', 'Przyciemniane tylne szyby', 'Tempomat', 'Lampy bi-ksenonowe', 'Kontrola odleglosci z przodu (przy parkowaniu)', 'Kontrola odleglosci z tylu (przy parkowaniu)', 'Niezalezny system parkowania', 'Lusterka boczne ustawiane elektrycznie', 'Podgrzewane lusterka boczne', 'Kontrola trakcji', 'Wspomaganie ruszania pod gore- Hill Holder', 'Dynamiczne swiatla doswietlajace zakrety', 'Lampy doswietlajace zakret', 'Swiatla do jazdy dziennej', 'Swiatla do jazdy dziennej diodowe LED', 'Lampy przeciwmgielne', 'Lampy tylne w technologii LED', 'Oswietlenie wnetrza LED', 'Wspomaganie kierownicy', 'Felgi aluminiowe 16', 'ABS', 'ESP', 'System wspomagania hamowania', 'Poduszka powietrzna kierowcy', 'Poduszka powietrzna pasazera', 'Kurtyny powietrzne - przod', 'Boczne poduszki powietrzne - przod', 'Kurtyny powietrzne - tyl', 'Boczne poduszki powietrzne - tyl', 'Isofix (punkty mocowania fotelika dzieciecego)']	['AUTO', 'Osoba prywatna', 'Bardzo sprawnie odpowiada', 'Sprzedajacy na OTOMOTO od 2017']	Olkusz, olkuski, Malopolskie	Volkswagen Beetle The 1.2 TSI BlueMotion Technologie Design2012 * 185 502 km * 1 197 cm3 * Benzyna
18	Prywatne	Tak	Tak	Volkswagen	Beetle	2013.0	121350.0	19843.0	Benzyna	200.0	Manualna	Na przednie kola	Coupe	3.0	5.0	Szary	Metalik	unknown	styczen 2014	PZ783UJ	Tak	unknown	unknown	Uzywane	VIN	https://www.otomoto.pl/osobowe/oferta/volkswagen-beetle-2-0-tsi-zadbany-serwisowany-ID6G57n4.html	44999.0	OpisZapraszam do zakupu Volkswagena Beetle z silnikiem 2.0 TSI z 2013r. 1 Rejestracja 2014r.Silnik o mocy 200km oznaczenie CBFA - Bez wady. Silnik, skrzynia oraz wszystkie podzespoly pracuja idealnie. aktualny przebieg 121400km.Auto prywatne, kupione przez nas w 2020r. z przebiegiem 73tys. km, takze od 4 lat w jednych rekach. Bardzo zadbany egzemplarz, Skrupulatnie serwisowany.Przy przebiegu 107tys. km, 06.2022 wykonalismy duzy serwis ktory poza standardowa obsluga Olejowo filtrowa uwzglednial:kpl. Swiecwymiane plynu hamulcowego oraz chlodniczegokpl. rozrzad oryginalny VWPasek osprzetukpl. amortyzatorow bilstein z oslonaminabicie i odgrzybienie klimatyzacjiczyszczenie ukladu dolotowego. Sprzeglo z dwu-masa.Kwota calosci wyniosla ok 9tys zl.  Od tego czasu przy przebiegu 119 tys. wykonalismy kolejny serwis olejowo-filtrowy.Posiadam rachunki na wszystkie wykonane serwisy od 2020r.10.2022 auto otrzymalo kpl. nowych opon wielosezonowych Hankook.Ubezpieczenie i przeglad techniczny wazne do 29.03.2024Wazne elementy wyposazenia:TempomatCzujniki parkowania przod i tyl.Czarna podsufitkaPodgrzewane fotelemulti funkcyjna kierownicaczujnik zmierzchuczujnik deszczuambient lightSprezyny obnizajace Eibach.Polecam i zapraszam na jazde testowa i ogledziny.Na wszystkie pytania chetnie odpowiem podczas rozmowy.Prosze nie oferowac zamiany.	['Interfejs Bluetooth', 'Radio', 'Zestaw glosnomowiacy', 'Ekran dotykowy', 'Klimatyzacja manualna', 'Tapicerka materialowa', 'Podgrzewany fotel kierowcy', 'Podgrzewany fotel pasazera', 'Sportowe fotele - przod', 'Podlokietniki - przod', 'Kierownica skorzana', 'Kierownica ze sterowaniem radia', 'Kierownica wielofunkcyjna', 'Dzwignia zmiany biegow wykonczona skora', 'Czujnik deszczu', 'Elektryczne szyby przednie', 'Wycieraczki', 'Tempomat', 'Kontrola odleglosci z przodu (przy parkowaniu)', 'Kontrola odleglosci z tylu (przy parkowaniu)', 'Lusterka boczne ustawiane elektrycznie', 'Podgrzewane lusterka boczne', 'Kontrola trakcji', 'Czujnik zmierzchu', 'Lampy doswietlajace zakret', 'Swiatla do jazdy dziennej', 'Lampy przeciwmgielne', 'Elektroniczna kontrola cisnienia w oponach', 'Wspomaganie kierownicy', 'Felgi aluminiowe 18', 'Opony wielosezonowe', 'Zawieszenie sportowe', 'ABS', 'ESP', 'System wspomagania hamowania', 'Poduszka powietrzna kierowcy', 'Poduszka powietrzna pasazera', 'Kurtyny powietrzne - przod', 'Boczne poduszki powietrzne - przod', 'Boczne poduszki powietrzne - tyl', 'Isofix (punkty mocowania fotelika dzieciecego)']	['Adam', 'Osoba prywatna', 'Sprzedajacy na OTOMOTO od 2015']	Poznan, Wilda	Volkswagen Beetle The 2.0 TSI Sport2013 * 121 350 km * 1 984 cm3 * Benzyna
19	Prywatne	Tak	unknown	Volkswagen	Beetle	2012.0	29700.0	13903.0	Benzyna	160.0	Manualna	Na przednie kola	Coupe	3.0	5.0	Brazowy	Metalik	unknown	unknown	unknown	Tak	Tak	Tak	Uzywane	VIN	https://www.otomoto.pl/osobowe/oferta/volkswagen-beetle-vw-beetle-29000-przebiegu-ID6FRt0P.html	48500.0		['Radio', 'Ekran dotykowy', 'Klimatyzacja automatyczna', 'Tapicerka materialowa', 'Kierownica skorzana', 'Elektryczne szyby przednie', 'Tempomat', 'Kontrola odleglosci z przodu (przy parkowaniu)', 'Kontrola odleglosci z tylu (przy parkowaniu)', 'Lusterka boczne ustawiane elektrycznie', 'Podgrzewane lusterka boczne', 'Kontrola trakcji', 'Wspomaganie ruszania pod gore- Hill Holder', 'Swiatla do jazdy dziennej', 'Swiatla do jazdy dziennej diodowe LED', 'Lampy przeciwmgielne', 'Wspomaganie kierownicy', 'Felgi stalowe', 'ABS', 'ESP', 'System wspomagania hamowania', 'Poduszka powietrzna kierowcy', 'Poduszka powietrzna pasazera', 'Kurtyny powietrzne - przod', 'Boczne poduszki powietrzne - przod', 'Isofix (punkty mocowania fotelika dzieciecego)']	['Tomek', 'Osoba prywatna', 'Sprzedajacy na OTOMOTO od 2014']	Warszawa, Mokotow	Niski przebiegVolkswagen Beetle2012 * 29 700 km * 1 390 cm3 * Benzyna
20	Firma	Tak	unknown	Volkswagen	Beetle	2011.0	168351.0	19843.0	Benzyna	200.0	Automatyczna	Na przednie kola	Kompakt	2.0	4.0	Bialy	unknown	unknown	21 grudzien 2011	unknown	Tak	unknown	unknown	Uzywane	VIN	https://www.otomoto.pl/osobowe/oferta/volkswagen-beetle-12-2011-i-rej-dsg-tempomat-nawigacja-podgrzewane-fotele-ID6G52Vr.html	39900.0	"OpisMIEJSCE EKSPOZYCJI POJAZDU :  SALON SAMOCHODOW NOWYCH I UZYWANYCH Z GWARANCJA M.MATEJAS  95-054 KSAWEROW, UL. LODZKA 114 (odleglosc 3 km od PORT-LODZ)   !! ZADZWON I ZAPYTAJ O MIEJSCE EKSPOZYCJI POJAZDU ORAZ CZY OFERTA JEST NADAL AKTUALNA !! Celem dokladnej weryfikacji Stanu Technicznego oraz Historii Auta - podajemy w ogloszeniu Numer Vin prezentowanego samochodu.   DAMIAN :Wyswietl numerBARTLOMIEJ :Wyswietl numerMamy do zaoferowania:  VOLKSWAGEN BEETLE  SILNIK BENZYNOWY 2.0 O MOCY 200 KM   !! AUTOMAT DSG !! !! I REJESTRACJA 12.2011 !! !! TEMPOMAT !! !! NAWIGACJA !! !! PODGRZEWANE FOTELE PRZOD !!    CENA: 39.900 PLN     - ROK PRODUKCJI: 2011 - I REJESTRACJA W KRAJU: 27.04.2016  - STAN LICZNIKA: 168 TYS KM  - I REJESTRACJA: 21.12.2011     WYBRANE ELEMENTY WYPOSAZENIA:    - 2 X EL.SZYBY  - EL.LUSTERKA  - KOMPUTER POKLADOWY  - CLIMATRONIC - 2 STREFY  - WIELOFUNKCYJNA KIEROWNICA  - ABS/ESP  - ISOFIX  - ALUMINIOWE FELGI - AIR BAG - FABRYCZNE RADIO - SKORZANA TAPICERKA - CZUJNIKI PARKOWANIA PRZOD / TYL    mozliwosc pisemnej  gwarancji  technicznej  !    mozliwosc pisemnej gwarancji technicznej ! ( opcjonalnie usluga dodatkowo platna )    Gwarancja ,,VIP-GWARANT SERVICE"" obejmuje:    - wszystkie usterki techniczne (zwiazane z gwarancja) wynikle po nabyciu pojazdu,  - jednostke napedowa - silnik,  - skrzynie biegow manualna  - skrzynie biegow automatyczna,  - mechanizmy roznicowe,  - waly napedowe,  - obudowy - skrzyni biegow, silnikow, mostow, miski olejowej itd.  - komputer glowny silnika,  - przednie i tylne zawieszenie - amortyzatory, sprezyny itp.  - zawieszenie hydro-pneumatyczne,  - paski rozrzadu,  - lancuchy rozrzadu,  - kola zamachowe dwumasowe,  - turbosprezarki,  - diagnostyke komputerowa,  - Auto Assistance - transport do warsztatu w razie awarii,    Gwarancja dziala na terenie Calej Polski,  Naprawa i wszystkie czesci w okresie gwarancji usuwane beda bezplatnie    Nasz auto-komis ,,Orzel"" zajmuje sie sprzedaza samochodow juz od 2000 roku.    Posiadamy w naszej ofercie rowniez samochody bezwypadkowe, od Dealerow i osob prywatnych.    Wychodza naprzeciw Panstwa oczekiwaniom umozliwiamy pozostanie swojego auta w rozliczeniu oraz sprawdzenie naszego samochodu w dowolnej stacji diagnostycznej lub dealera.  Wszystkie czynnosci zwiazane z zakupem auta zalatwiamy na miejscu.  Serdecznie Zapraszamy    Przed przyjazdem prosze sie upewnic telefonicznie ze oferta jest jeszcze aktualna.    Mozliwy tani kredyt lub leasing !!!! GWARANCJA NAJNIZSZEJ RATY W KOMISIE!!!  Mozliwosc zakupu na raty - procedura uproszczona - na oswiadczenie - bez wplaty !!!!  Adres:  Auto Komis Orzel M.Matejas  Lodz, rog Ul. Jana Pawla II i Ul. Obywatelskiej (WJAZD JAK NA AUTOMYJNIE ul. Jasien 38)    Niniejsze ogloszenie jest wylacznie informacja handlowa i nie stanowi oferty w mysl art. 66, SS 1. Kodeksu Cywilnego. Sprzedajacy nie odpowiada za ewentualne bledy lub nieaktualnosc ogloszenia.    ZAPIS TEN ZOSTAL ZAWARTY ZE WZGLEDU NA MOZLIWOSC DROBNYCH, LUDZKICH POMYLEK. JEZELI ZAUWAZYSZ NIESCISLOSC - NAPISZ lub ZADZWON DO NAS, A NIEZWLOCZNIE JA WYJASNIMY !!"	['Interfejs Bluetooth', 'Radio', 'System nawigacji satelitarnej', 'Ekran dotykowy', 'Klimatyzacja automatyczna, dwustrefowa', 'Tapicerka skorzana', 'Podgrzewany fotel kierowcy', 'Podgrzewany fotel pasazera', 'Podlokietniki - przod', 'Kierownica skorzana', 'Kierownica wielofunkcyjna', 'Automatyczna kontrola ogrzewania', 'Elektryczne szyby przednie', 'Tempomat', 'Kontrola odleglosci z przodu (przy parkowaniu)', 'Kontrola odleglosci z tylu (przy parkowaniu)', 'Wspomaganie kierownicy', 'ABS', 'ESP', 'Poduszka powietrzna kierowcy', 'Poduszka powietrzna pasazera', 'Isofix (punkty mocowania fotelika dzieciecego)']	['AUTO-KOMIS ORZEL LODZ UL. JASIEN 38/40 *** FILIA: KSAWEROW UL. LODZKA 114', 'Autoryzowany Dealer', 'Bardzo sprawnie odpowiada', 'Sprzedajacy na OTOMOTO od 2008']		Volkswagen Beetle2011 * 168 351 km * 1 984 cm3 * Benzyna
21	Firma	Tak	unknown	Volkswagen	Beetle	2015.0	92000.0	17983.0	Benzyna	180.0	Automatyczna	Na przednie kola	Coupe	3.0	5.0	Czerwony	Perlowy	unknown	unknown	unknown	unknown	unknown	unknown	Uzywane	VIN	https://www.otomoto.pl/osobowe/oferta/volkswagen-beetle-r-line-1-8-tsi-dsg-super-stan-mod-2015-ID6G2XJZ.html	49900.0	OpisBetle 1.8 tsi z dsg BETLE 1.8 TSI 180 KM Z DSG R-LINE DYNAMICZNY I OSZCZEDNY SILNIK SZYBKA I NIEZAWODNA SKRZYNIA DSG AUTKO W PERFEKCYJNYM STANIE TECHNICZNYM I WIZUALNYM OBLEDNY LAKIER W KOMPLECIE Z CZANYMI ALUFELGAMI PREZENTUJE SIE NIESAMOWICIE WNETRZE JAK NOWE NOWE OPONYNOWY OLEJ I FILTRY NOWE HAMULCE PRZOD auto w rozliczeniu zamiany!kupujacy zwolnipony z oplaty skarbowej 2%pewne autamozliwosc wykupienia 24 miesiecy gwarancji car gwarant.pl, ktora obejmuje usterki techniczne (zwiazane z gwarancja) wynikle po nabyciu pojazdu min: silnik, skrzynia biegow, zawieszenie, mechanizmy roznicowe, paski rozrzadu waly pedne, obudowy - skrzyni biegow, silnikow, mostow itd. ( szczegoly u sprzedawcy)auto w rozliczeniu zamiany!kupujacy zwolnipony z oplaty skarbowej 2%pewne autaZ uwagi na mozliwosc wystapienia ewentualnych pomylek, informujemy iz niniejsze ogloszenie jest wylacznie informacja handlowa i nie stanowi oferty w mysl art. 66, SS 1. Kodeksu Cywilnego. Sprzedajacy nie odpowiada za nieaktualnosc ogloszenia i ewentualne bledy, ktore - jesli sie pojawily - nie sa celowe.pewne autakredyt: tel Daniel KrauzWyswietl numerTELWyswietl numer- Dodatkowe informacje: liczba poduszek powietrznych: 10, liczba miejsc: 5, tapicerka: skoraNumer oferty: AKL17T9MQ	['Interfejs Bluetooth', 'Radio', 'Gniazdo USB', 'Klimatyzacja automatyczna, dwustrefowa', 'Tapicerka skorzana', 'Podgrzewany fotel kierowcy', 'Podgrzewany fotel pasazera', 'Sportowe fotele - przod', 'Podlokietniki - przod', 'Kierownica skorzana', 'Kierownica sportowa', 'Kierownica ze sterowaniem radia', 'Kierownica wielofunkcyjna', 'Elektryczne szyby przednie', 'Elektryczne szyby tylne', 'Przyciemniane tylne szyby', 'Tempomat', 'Lusterka boczne ustawiane elektrycznie', 'Lane assist - kontrola zmiany pasa ruchu', 'Swiatla do jazdy dziennej', 'Lampy przeciwmgielne', 'Elektroniczna kontrola cisnienia w oponach', 'Wspomaganie kierownicy', 'Felgi aluminiowe 18', 'Zawieszenie komfortowe', 'Zawieszenie sportowe', 'ABS', 'ESP', 'Asystent pasa ruchu', 'Poduszka powietrzna kierowcy', 'Poduszka powietrzna pasazera', 'Kurtyny powietrzne - przod', 'Poduszki powietrzne czolowe - tyl', 'Boczne poduszki powietrzne - przod', 'Kurtyny powietrzne - tyl', 'Boczne poduszki powietrzne - tyl', 'Poduszka powietrzna pasow bezpieczenstwa', 'Isofix (punkty mocowania fotelika dzieciecego)']	['LASPALMAS.OTOMOTO.PL', 'Sprzedajacy profesjonalny', 'Bardzo sprawnie odpowiada', 'Sprzedajacy na OTOMOTO od 2019']	Zobacz wiecej ofert (18) tego sprzedawcy	Volkswagen Beetle2015 * 92 000 km * 1 798 cm3 * Benzyna
22	Prywatne	Tak	Tak	Volkswagen	Beetle	2013.0	99000.0	13903.0	Benzyna	160.0	Manualna	Na przednie kola	Coupe	2.0	-1.0	Bialy	unknown	unknown	unknown	unknown	unknown	unknown	unknown	Uzywane	VIN	https://www.otomoto.pl/osobowe/oferta/volkswagen-beetle-volkswagen-beetle-1-4-tsi-sport-160-km-ID6FRt31.html	35100.0	OpisWitamDo sprzedania Volkswagen Beetle 1.4 TSI Sport 160 KM, z dosc dynamicznym i ekonomicznym silnikiem. Samochod garazowany w ciaglej eksploatacji . Samochod bardzo zadbany eksploatowany byl przez kobiete.Wyposazenie bogate wersja Sport, , tapicerka samochodowa welurowa, multifunkcyjna kierownica  obszyta skora , czujniki parkowania z przodu i z tylu , szyby bez ramkowe Silnik , skrzynia biegow , zawieszenie w bardzo dobrym stanie. Samochod posiada aluminiowe felgi oraz opony na zime .Przeglad wykonany sierpniu Ubezpieczenie aktualneWiecej informacji udziele telefonicznie	['Radio', 'Klimatyzacja automatyczna', 'Tapicerka materialowa', 'Sportowe fotele - przod', 'Podlokietniki - przod', 'Kierownica skorzana', 'Kierownica wielofunkcyjna', 'Zmiana biegow w kierownicy', 'Dzwignia zmiany biegow wykonczona skora', 'Elektryczne szyby przednie', 'Tempomat', 'Lampy bi-ksenonowe', 'Kontrola odleglosci z przodu (przy parkowaniu)', 'Kontrola odleglosci z tylu (przy parkowaniu)', 'Lusterka boczne ustawiane elektrycznie', 'Podgrzewane lusterka boczne', 'Kontrola trakcji', 'Wspomaganie ruszania pod gore- Hill Holder', 'Spryskiwacze reflektorow', 'Lampy doswietlajace zakret', 'Swiatla do jazdy dziennej', 'Swiatla do jazdy dziennej diodowe LED', 'Lampy przeciwmgielne', 'Elektroniczna kontrola cisnienia w oponach', 'Wspomaganie kierownicy', 'Blokada mechanizmu roznicowego', 'Felgi aluminiowe 18', 'ABS', 'ESP', 'Elektroniczny system rozdzialu sily hamowania', 'Poduszka powietrzna kierowcy', 'Poduszka powietrzna pasazera', 'Boczna poduszka powietrzna kierowcy', 'Boczne poduszki powietrzne - przod', 'Isofix (punkty mocowania fotelika dzieciecego)']	['Grzegorz', 'Osoba prywatna', 'Sprzedajacy na OTOMOTO od 2019']	Wroclaw, Krzyki	Volkswagen Beetle 1.4 TSI Sport2013 * 99 000 km * 1 390 cm3 * Benzyna
23	Prywatne	Tak	Tak	Volkswagen	Beetle	2012.0	52000.0	13903.0	Benzyna	160.0	Manualna	Na przednie kola	Coupe	2.0	4.0	Bialy	Metalik	Polska	unknown	unknown	Tak	Tak	Tak	Uzywane	VIN	https://www.otomoto.pl/osobowe/oferta/volkswagen-beetle-1-4-160km-sport-salon-pl-1-wlasciciel-ID6G4iSv.html	44900.0	"OpisBeetle 1.4 tsi 160KM kolor: bialtapicerka: skora Vienna bordowo-czarnawyposazenie:- naglosnienie Fender z 8-glosnikami i subwooferem w bagazniku - kola 18'' ""Twister"" black- sportowe fotele- podgrzewane fotele- czujniki parkowania przod/tyl- lampy ksenonowe z doswietlaniem- swiatla led do jazdy dziennej  - dotykowy ekran Multi-function display ""Plus""- klimatyzacja 2-strefowa- wspomaganie kierownicy zalezne od predkosci- kierownica skorzana wielofunkcyjna- podparcie ledzwiowe - regulacja wysokosci foteli- przyciemniane szyby - lusterka w czarnym kolorze - podlokietnik z przodu- elektrycznie regulowane oraz podgrzewane lusterka zewnetrzne- alarm- odtwarzacz CD/MP3- pakiet Lights and Vision - pakiet Technology- czujnik deszczu- oswietlenie ambientowe - tempomat- swiatla przeciwmgielneSamochod z polskiego salonu w bardzo efektownej wersji Sport. Od nowosci w jednych rekach. Na biezaco serwisowany. Zaden element nie lakierowany. Pisemna gwarancja przebiegu i bezwypadkowosci. Wyglada i jezdzi super."	['Radio', 'Klimatyzacja automatyczna', 'Tapicerka materialowa', 'Sportowe fotele - przod', 'Podlokietniki - przod', 'Kierownica skorzana', 'Kierownica wielofunkcyjna', 'Zmiana biegow w kierownicy', 'Dzwignia zmiany biegow wykonczona skora', 'Elektryczne szyby przednie', 'Tempomat', 'Lampy bi-ksenonowe', 'Kontrola odleglosci z przodu (przy parkowaniu)', 'Kontrola odleglosci z tylu (przy parkowaniu)', 'Lusterka boczne ustawiane elektrycznie', 'Podgrzewane lusterka boczne', 'Kontrola trakcji', 'Wspomaganie ruszania pod gore- Hill Holder', 'Spryskiwacze reflektorow', 'Lampy doswietlajace zakret', 'Swiatla do jazdy dziennej', 'Swiatla do jazdy dziennej diodowe LED', 'Lampy przeciwmgielne', 'Elektroniczna kontrola cisnienia w oponach', 'Wspomaganie kierownicy', 'Blokada mechanizmu roznicowego', 'Felgi aluminiowe 18', 'ABS', 'ESP', 'Elektroniczny system rozdzialu sily hamowania', 'Poduszka powietrzna kierowcy', 'Poduszka powietrzna pasazera', 'Boczna poduszka powietrzna kierowcy', 'Boczne poduszki powietrzne - przod', 'Isofix (punkty mocowania fotelika dzieciecego)']	['.', 'Osoba prywatna', 'Bardzo sprawnie odpowiada', 'Sprzedajacy na OTOMOTO od 2015']	Katowice, Srodmiescie	Niski przebiegVolkswagen Beetle 1.4 TSI Sport2012 * 52 000 km * 1 390 cm3 * Benzyna
24	Firma	Tak	unknown	Volkswagen	Beetle	2013.0	170000.0	11973.0	Benzyna	105.0	Manualna	Na przednie kola	Coupe	3.0	4.0	Czarny	Metalik	Niemcy	unknown	unknown	unknown	Tak	Tak	Uzywane	VIN	https://www.otomoto.pl/osobowe/oferta/volkswagen-beetle-1-2tsi-105km-xenon-serwis-zobacz-koniecznie-ID6FXJMi.html	38900.0	"OpisWitam!     Przedmiotem  sprzedazy jest samochod osobowy VW Beetle z silnikiem 1.2TSI o mocy 105 KM! Przygotowany do rejestracji! Jest to auto sprowadzone z Niemiec, gdzie zakupilem je od pierwszego wlasciciela!  Stan techniczny i optyczny idealny! Wnetrze utrzymane bardzo ladnie, bez widocznych sladow uzytkowania! Nie wymaga wkladu finansowego.  Rok produkcji 2012. Pierwsza rejestracja 2013!WYPOSAZENIE:-LED-Xenon-8x AirBag-Dwustrefowa Klimatyzacja-Podgrzewane Fotele-El. Szyby-El. Lusterka-Alu Felgi -ABS-ESP-Radio CD-Komputer -Centralny Zamek-Komplet KluczyFirma ,, Auto Komis Eurocar "" zajmujaca sie profesjonalnie samochodami posiada w ciaglej ofercie kilkadziesiat samochodow z rynku krajowego i zagranicznego. Starajac sie sprostac Panstwa oczekiwaniom w wyborze samochodu umozliwiamy sprawdzenie kazdego auta w autoryzowanej stacji obslugi pojazdow.TEL. KONTAKTOWE DO KOMISUWyswietl numerWyswietl numer!!! Samochody sprowadzane przez nas sa BEZWYPADKOWE!!!Istnieje rowniez mozliwosc zamiany, sprzedazy ratalnej na bardzo korzystnych warunkach.Wspolpracujemy z bankami GETIN BANK oraz SANTANDER BANKWszelkie pytania tylko o kredyt prosimy kierowac pod nr.Wyswietl numerlubWyswietl numerWystawiamy fakture VAT-marza. (kupujacy zwolniony z oplaty skarbowej)!!! Sprowadzamy rowniez auta pod indywidualne zamowienie !!!Firma umozliwia zalatwienie wszelkich formalnosci zwiazanych z zakupem auta:- ubezpieczenie- kredyt- leasing* Kredyt samochodowy dla firm i osob fizycznych bez wplaty i zaswiadczen* Uproszczona procedura kredytowa* Decyzja niemal natychmiast* Kredytujemy kazdy pojazd* Okres kredytowania do 8 lat* Kredytujemy pelna wartosc pojazdu* Mozliwosc skredytowania pojazdu zakupionego od osoby fizycznej, sprowadzonego z zagranicy* Preferencyjne pakiety ubezpieczeniowe z mozliwoscia skredytowania.W przypadku samochodow nie zarejestrowanych w kraju istnieje mozliwosc wykupienia na miejscu polisy ubezpieczeniowej i powrot samochodem na ,,kolach"". Niniejsze ogloszenie jest wylacznie informacja handlowa i nie stanowi oferty w mysl art. 66, SS1. Kodeksu Cywilnego. Sprzedajacy nie odpowiada za ewentualne bledy lub nie aktualnosc ogloszenia.*************************** Z A P R A S Z A M Y *****************************"	['Radio', 'Gniazdo USB', 'Klimatyzacja automatyczna, dwustrefowa', 'Tapicerka materialowa', 'Podgrzewany fotel kierowcy', 'Podgrzewany fotel pasazera', 'Czujnik deszczu', 'Elektryczne szyby przednie', 'Wycieraczki', 'Lampy ksenonowe', 'Kontrola odleglosci z przodu (przy parkowaniu)', 'Kontrola odleglosci z tylu (przy parkowaniu)', 'Podgrzewane lusterka boczne', 'Kontrola trakcji', 'Wspomaganie ruszania pod gore- Hill Holder', 'Czujnik zmierzchu', 'Spryskiwacze reflektorow', 'Lampy doswietlajace zakret', 'Swiatla do jazdy dziennej', 'Lampy przeciwmgielne', 'Lampy tylne w technologii LED', 'Oswietlenie wnetrza LED', 'System Start/Stop', 'Wspomaganie kierownicy', 'Felgi aluminiowe 17', 'ABS', 'ESP', 'System wspomagania hamowania', 'Poduszka powietrzna kierowcy', 'Poduszka powietrzna pasazera', 'Kurtyny powietrzne - przod', 'Boczne poduszki powietrzne - przod', 'Isofix (punkty mocowania fotelika dzieciecego)']	['Auto Komis Eurocar z gwarancja GetHelp', 'Sprzedajacy profesjonalny', 'Sprzedajacy na OTOMOTO od 2006']		Volkswagen Beetle The 1.2 TSI Blue Motion Technologie Design2013 * 170 000 km * 1 197 cm3 * Benzyna
25	Firma	Tak	Tak	Volkswagen	Beetle	2013.0	152000.0	15983.0	Diesel	105.0	Manualna	unknown	Auta miejskie	2.0	4.0	Bialy	unknown	unknown	unknown	KCH 24785	Tak	Tak	Tak	Uzywane	VIN	https://www.otomoto.pl/osobowe/oferta/volkswagen-beetle-tdi-105km-wersja-desig-roczna-gwarancja-ID6G2VOi.html	39800.0	Opisgarbaty ale piekny :), wersja DESIG, klimatronic, 4x air-bag, komputer, tempomat, parctronic przod i tyl, ksiazka serwisowa, serwisowany, 1 rok gwarancji technicznej - pisemnej - w cenie samochodu, samochod jest w bardzo dobrym stanie technicznym i wizualnym, wnetrze nie powycierane, powloka lakiernicza w bardzo dobrym stanie - bez rys i wgniecen, atrakcyjny wyglad, bardzo zadbany.   * Drogi kliencie, jezeli masz dosc kolejnych wycieczek do sprzedawcow na drugim koncu Polski lub za granica po super auto, bezwypadkowe z niskim przebiegiem i za okazyjna cene (co zazwyczaj okazuje sie nieprawda ), a poszukujesz pewnego,  ladnego auta z oryginalnym przebiegiem  to nasza oferta skierowana jest wlasnie do Ciebie. Jestesmy auto-salonem z wieloletnim doswiadczeniem. Nasza dzialalnosc prowadzimy od 1993r. Nasze samochody sa zarejestrowane w Polsce. Na wszystkie samochody wystawiamy faktury i na tej podstawie kupujacy jest zwolniony z 2% oplaty skarbowej. Przyjmujemy samochody w rozliczeniu.  Mozliwosc jazdy probnej, zobaczenia samochodu od spodu i sprawdzenia stanu technicznego auta przed zakupem.  Zapraszamy do skorzystania z naszej oferty !!!44FOX-ID: 539	['Interfejs Bluetooth', 'Radio', 'Gniazdo USB', 'System naglosnienia', 'Klimatyzacja automatyczna, dwustrefowa', 'Podlokietniki - przod', 'Kierownica skorzana', 'Kierownica ze sterowaniem radia', 'Kierownica wielofunkcyjna', 'Dzwignia zmiany biegow wykonczona skora', 'Elektryczne szyby przednie', 'Tempomat', 'Kontrola odleglosci z przodu (przy parkowaniu)', 'Kontrola odleglosci z tylu (przy parkowaniu)', 'Lusterka boczne ustawiane elektrycznie', 'Kontrola trakcji', 'Wspomaganie kierownicy', 'Felgi aluminiowe 16', 'ABS', 'ESP', 'Poduszka powietrzna kierowcy', 'Poduszka powietrzna pasazera', 'Boczne poduszki powietrzne - przod']	['Auto Salon Wiejowscy', 'Sprzedajacy profesjonalny', 'Sprzedajacy na OTOMOTO od 2020']	Zobacz wiecej ofert (34) tego sprzedawcy	Volkswagen Beetle 1.6 TDI Design2013 * 152 000 km * 1 598 cm3 * Diesel
26	Firma	Tak	unknown	Volkswagen	Beetle	2013.0	122000.0	15983.0	Diesel	105.0	Manualna	Na przednie kola	Kabriolet	3.0	4.0	Srebrny	unknown	unknown	unknown	unknown	Tak	unknown	unknown	Uzywane	VIN	https://www.otomoto.pl/osobowe/oferta/volkswagen-beetle-skora-tempomat-climatronik-ID6ER8xZ.html	44400.0	"OpisMIEJSCE EKSPOZYCJI POJAZDU :KOMIS ORZEL93-562 LODZ, JASIEN 38/40!! ZADZWON I ZAPYTAJ O MIEJSCE EKSPOZYCJI POJAZDU ORAZ CZY OFERTA JEST NADAL AKTUALNA !!KONTAKTMAREK:Wyswietl numerJACEK:Wyswietl numerWOJTEK:Wyswietl numerMOZLIWOSC FINANSOWANIA  : KREDYT / LEASING / POZYCZKA RADEK:Wyswietl numerMamy do zaoferowania:VOLKSWAGEN BEETLE KABRIOSILNIK DIESEL 1.6 MOCY 105 KMCENA : 44,400 PLN- ROK PRODUKCJI: 2013- STAN LICZNIKA:122 TYS KM- I REJESTRACJA: 10.04.2013WYBRANE ELEMENTY WYPOSAZENIA:- KLIMATYZACJA 2 STREFOWA- TEMPOMAT- KOMPUTER POKLADOWY- CZUJNIKI PARKOWANIA TYL/PRZOD- PODGRZEWANE SIEDZENIA- SKORA- RADIO FABRYCZNE CD- ABS/ESP- EL.SZYBY- EL.LUSTERKA- ALUFELGImozliwosc pisemnej  gwarancji  technicznej  !Gwarancja ,,VIP-GWARANT SERVICE"" obejmuje:- wszystkie usterki techniczne (zwiazane z gwarancja) wynikle po nabyciu pojazdu,- jednostke napedowa - silnik,- skrzynie biegow manualna- skrzynie biegow automatyczna,- mechanizmy roznicowe,- waly napedowe,- obudowy - skrzyni biegow, silnikow, mostow, miski olejowej itd.- komputer glowny silnika,- przednie i tylne zawieszenie - amortyzatory, sprezyny itp.- zawieszenie hydro-pneumatyczne,- paski rozrzadu,- lancuchy rozrzadu,- kola zamachowe dwumasowe,- turbosprezarki,- diagnostyke komputerowa,- Auto Assistance - transport do warsztatu w razie awarii,Gwarancja dziala na terenie Calej Polski,Naprawa i wszystkie czesci w okresie gwarancji usuwane beda bezplatnieNasz auto-komis ,,Orzel"" zajmuje sie sprzedaza samochodow juz od 2000 roku.Profesjonalnie podchodzimy do kazdej przeprowadzonej transakcji.Kazdy sprzedawany samochod przez nas jest sprawdzany pod wzgledem prawnym, technicznym i lakierniczym.Kupujemy samochody bezwypadkowe, od Dealerow i osob prywatnych.Wychodza naprzeciw Panstwa oczekiwaniom umozliwiamy pozostanie swojego auta w rozliczeniu oraz sprawdzenie naszego samochodu w dowolnej stacji diagnostycznej lub dealera.Wszystkie czynnosci zwiazane z zakupem auta zalatwiamy na miejscu.Serdecznie ZapraszamyPrzed przyjazdem prosze sie upewnic telefonicznie ze oferta jest jeszcze aktualna.Mozliwy tani kredyt lub leasing !!!! GWARANCJA NAJNIZSZEJ RATY W KOMISIE!!!Mozliwosc zakupu na raty - procedura uproszczona - na oswiadczenie - bez wplaty !!!!Adres:Auto Komis Orzel M.MatejasLodz, rog Ul. Jana Pawla II i Ul. Obywatelskiej (WJAZD JAK NA AUTOMYJNIE ul. Jasien 38)Niniejsze ogloszenie jest wylacznie informacja handlowa i nie stanowi oferty w mysl art. 66, SS 1. Kodeksu Cywilnego. Sprzedajacy nie odpowiada za ewentualne bledy lub nieaktualnosc ogloszenia.ZAPIS TEN ZOSTAL ZAWARTY ZE WZGLEDU NA MOZLIWOSC DROBNYCH, LUDZKICH POMYLEK. JEZELI ZAUWAZYSZ NIESCISLOSC - NAPISZ lub ZADZWON DO NAS, A NIEZWLOCZNIE JA WYJASNIMY !!"	['Radio', 'Gniazdo USB', 'System naglosnienia', 'Ekran dotykowy', 'Klimatyzacja manualna', 'Tapicerka materialowa', 'Sportowe fotele - przod', 'Podlokietniki - przod', 'Kierownica skorzana', 'Dzwignia zmiany biegow wykonczona skora', 'Elektryczne szyby przednie', 'Elektryczne szyby tylne', 'Tempomat', 'Podgrzewane lusterka boczne', 'Kontrola trakcji', 'Wspomaganie ruszania pod gore- Hill Holder', 'Lampy doswietlajace zakret', 'Lampy przeciwmgielne', 'Filtr czastek stalych', 'Felgi aluminiowe 18', 'ABS', 'ESP', 'System wspomagania hamowania', 'Poduszka powietrzna kierowcy', 'Poduszka powietrzna pasazera', 'Kurtyny powietrzne - przod', 'Boczne poduszki powietrzne - przod', 'Isofix (punkty mocowania fotelika dzieciecego)']	['AUTO-KOMIS ORZEL LODZ UL. JASIEN 38/40 *** FILIA: KSAWEROW UL. LODZKA 114', 'Autoryzowany Dealer', 'Bardzo sprawnie odpowiada', 'Sprzedajacy na OTOMOTO od 2008']		Volkswagen Beetle2013 * 122 000 km * 1 598 cm3 * Diesel
27	Prywatne	Tak	Tak	Volkswagen	Beetle	2015.0	102000.0	11973.0	Benzyna	105.0	Manualna	Na przednie kola	Auta miejskie	3.0	4.0	Pomaranczowy	unknown	Niemcy	09 pazdziernik 2015	KWI3735G	Tak	unknown	unknown	Uzywane	VIN	https://www.otomoto.pl/osobowe/oferta/volkswagen-beetle-ID6FNkZb.html	42500.0	OpisBrak wkladu wlasnego. Wszystko sprawne. Wiecej informacji pod numerem telefonu.	['Interfejs Bluetooth', 'Radio', 'Zestaw glosnomowiacy', 'Gniazdo USB', 'Ekran dotykowy', 'Klimatyzacja manualna', 'Kierownica skorzana', 'Kierownica sportowa', 'Kierownica ze sterowaniem radia', 'Kierownica wielofunkcyjna', 'Elektryczne szyby przednie']	['Pawel Korta', 'Osoba prywatna', 'Sprzedajacy na OTOMOTO od 2019']	Brzegi, wielicki, Malopolskie	Volkswagen Beetle2015 * 102 000 km * 1 197 cm3 * Benzyna
28	Prywatne	Tak	Tak	Volkswagen	Beetle	2013.0	182981.0	15983.0	Diesel	105.0	Manualna	unknown	Auta male	3.0	-1.0	Czarny	unknown	unknown	15 wrzesien 2013	KWI88806	unknown	unknown	unknown	Uzywane	VIN	https://www.otomoto.pl/osobowe/oferta/volkswagen-beetle-volkswagen-beetle-stan-idealny-ID6G4EHP.html	42500.0	OpisStan idealny. Zapraszam do kontaktu.	[]	['Jaroslaw', 'Osoba prywatna', 'Sprzedajacy na OTOMOTO od 2021']	Niepolomice, wielicki, Malopolskie	Volkswagen Beetle2013 * 182 981 km * 1 598 cm3 * Diesel
29	Firma	Tak	Tak	Volkswagen	Beetle	2013.0	164000.0	15983.0	Diesel	105.0	Manualna	Na przednie kola	Coupe	3.0	4.0	Czerwony	unknown	Niemcy	15 marzec 2013	DKL71940	Tak	unknown	Tak	Uzywane	VIN	https://www.otomoto.pl/osobowe/oferta/volkswagen-beetle-1-6tdi-105km-klima-elektryka-full-serwis-1-wlasciciel-sliczny-kolor-ID6G38lC.html	38450.0	OpisWiitam sprzedam ladne miejskie autko VW THE BEETLE godny nastepca garbusa i new beetle , z  jednostka 1.6tdi o mocy 105 koni, fajnie wyposazony i dobrze utrzymany model ,duzo wieksze autko w srodku i na zewnatrz od poprzednika, miekkie zawieszenie, auto nieawaryjne, MEGA OSZCZEDNE , w fajnym stanie , lakier w bdb stanie, wnetrze bez zapachow zwierzat, ladnie utrzymane. Wszystko w aucie sprawne, kompletna dokumentacja. Wykonany serwis olejowy ORAZ NOWY ROZRZAD(dolaczamy duplikat faktury za czesci)zawieszenie po kontroli(wykonany polski przeglad techniczny),Ladne opony na aucie.AUTO SWIEZO PRZYWIEZIONE***UWAGA****Kazde nasze auto jest od razu rejestrowane w wydziale komunikacji oraz ubezpieczone-dbamy o komfort klienta wraca autem na kolach legalnie!!!!*Samochod z opcja gwarancji !!! faktura vat-marza kupujacy zwolniony z oplaty skarbowej, wiecej info tel. Wyswietl numer - - - zapraszam do kontaktu*UWAGA CENA PODANA W OGLOSZENIU ZAWIERA OPLATY-NIE WPROWADZAMY KLIENTOW W BLAD PODAJAC CENE PLUS OPLATY!JESLI OGLADACIE PANSTWO TO OGLOSZENIE NA OLX TO ZAPRASZAM NA STRONE OTOMOTO PO WIECEJ ZDJECNa miejscu oferujemy mozliwosc zalatwienia wszelkich formalnosci zwiazanych z zakupem tego auta na raty:- kredyt- pozyczka- leasing- Procedura uproszczona- Minimum formalnosci- Bez zadnych zaswiadczen z ZUS/US- Kredytujemy do 100 % wartosci pojazdu- Bez wplaty wlasnej!!!!- Przy kredycie do 100 tys zl nie wymagamy AC!Aby wyjsc naprzeciw naszym klientom rozszerzylismy nasza oferte o mozliwosc zawarcia ubezpieczenia komunikacyjnego.Dzieki wspolpracy z blisko 25 towarzystwami ubezpieczeniowymi gwarantujemy konkurencyjne ceny...Juz dzis proponujemy ubezpieczenia z zakresu : Oc, Ac, NNw, Assitance, Gap czy tez dodatkowe ubezpieczenie szyb.Wszystkie formalnosci zalatwiamy osobiscie badz zdalnie...Mozliwosc zakupu auta z gwarancja GetHelp ktora obejmuje:* Calodobowa obsluge - przez aplikacje mobilna iHelp oraz infolinie Help Center,* bezplatny assistance na terenie calej Polski,* bezgotowkowe naprawy w sieci warsztatow wspolpracujacych,* pokrycie kosztow zakupu czesci i robocizny,* samochod zastepczy na czas naprawy,* kompleksowa obsluge przez dedykowanego konsultanta,* szybki proces likwidacji usterki,* 20% znizki na roczna polise OC / AC,* szeroki zakres pakietow gwarancji obejmujacych:- silnik i jego obudowy- skrzynia biegow automatyczna i manualna,- kolo dwumasowe,- uklad chlodzenia,- uklad hamulcowy,- dyferencjal,- turbosprezarka	['Radio', 'Gniazdo USB', 'Klimatyzacja manualna', 'Tapicerka materialowa', 'Podlokietniki - przod', 'Kierownica skorzana', 'Dzwignia zmiany biegow wykonczona skora', 'Czujnik deszczu', 'Elektryczne szyby przednie', 'Tempomat', 'Kontrola odleglosci z tylu (przy parkowaniu)', 'Podgrzewane lusterka boczne', 'Kontrola trakcji', 'Wspomaganie ruszania pod gore- Hill Holder', 'Czujnik zmierzchu', 'Lampy przeciwmgielne', 'Wspomaganie kierownicy', 'Filtr czastek stalych', 'Zawieszenie komfortowe', 'ABS', 'ESP', 'System wspomagania hamowania', 'Poduszka powietrzna kierowcy', 'Poduszka powietrzna pasazera', 'Kurtyny powietrzne - przod', 'Boczne poduszki powietrzne - przod', 'Isofix (punkty mocowania fotelika dzieciecego)']	['AUTO EXPRES', 'Sprzedajacy profesjonalny', 'Bardzo sprawnie odpowiada', 'Sprzedajacy na OTOMOTO od 2019']	Zobacz wiecej ofert (8) tego sprzedawcy	Volkswagen Beetle The 1.6 TDI DPF CUP2013 * 164 000 km * 1 598 cm3 * Diesel
30	Prywatne	Tak	Tak	Volkswagen	Beetle	2015.0	64400.0	13953.0	Benzyna	150.0	Automatyczna	unknown	Coupe	3.0	4.0	Zolty	unknown	Stany Zjednoczone	styczen 2015	WCI53779	unknown	unknown	unknown	Uzywane	VIN	https://www.otomoto.pl/osobowe/oferta/volkswagen-beetle-volkswagen-new-beetle-2015-1-4-150-km-ID6G4bwn.html	42000.0	OpisVolskwagen New Beetle 1.4 > 150 KM Oryginalny przebieg 64 tys.kmAutomatyczna skrzynia biegow, elektryczne szyby, poduszki powietrzne, podgrzewane 3-stopniowo fotele, skorzana tapicerka.Pierwszy wlasciciel w kraju.	[]	['Janusz', 'Osoba prywatna', 'Sprzedajacy na OTOMOTO od 2015']	Ciechanow, ciechanowski, Mazowieckie	Volkswagen Beetle2015 * 64 400 km * 1 395 cm3 * Benzyna
31	Prywatne	Tak	Tak	Volkswagen	Beetle	2012.0	130000.0	11973.0	Benzyna	105.0	Manualna	Na przednie kola	Auta miejskie	3.0	5.0	Srebrny	Metalik	Niemcy	12 grudzien 2012	AGGHHH	Tak	Tak	Tak	Uzywane	VIN	https://www.otomoto.pl/osobowe/oferta/volkswagen-beetle-ladny-garbusek-nawigacja-android-zarejestrowany-w-polsce-ID6FqH0H.html	33333.0	"Opistel.Wyswietl numerVW BEETLEprodukcja i rejestracja 2012r.AUTO ZAREJESTROWANE W POLSCE, WYSTAWIAM FAKTRE VAT,KUPUJACY ZWOLNIONY Z OPLATY SKARBOWEJ.benzyna 1,2TURBO 105KMReczna skrzynia biegow.Niski przebiegDOSKONALY STAN TECHNICZNY I WIZUALNYWNETRZE CZYSTE I NIE ZNISZCZONE, BEZ JAKICHKOLWIEK OZNAK ZUZYCIA.JEZDZI JAK NOWE !!ZAPRASZAM.Zaznaczam iz wszystko co widnieje w opisie jest zgodne ze stanem faktycznym.A zdjecia przedstawiaja opisywany pojazd.Uwaga !!,,Istnieje mozliwosc objecia auta programem UZYWANY GWARANTOWANY, analogicznym jak w sieci dealerskie na auta uzywane.Jest to program przedluzonej gwarancji na okres od 6 miesiecy do 36 miesiecy.""Naprawy bezgotowkowe (czesci i robocizna) odbywaja sie w ASO lub wybranym przez klienta warsztacie.Zasieg terytorialny gwarancji na terenie Polski jak i calej UE.Program Gwarancji Defend Car Protect uchroni Cie od niespodziewanych kosztow napraw.MOZLIWOSC ZAKUPU NA RATY lub LEASINGUPROSTA FORMA KREDYTOWANIAINFO;tel. ---Wyswietl numerLUB---Wyswietl numerLUB---Wyswietl numerPROSTA FORMA KREDYTOWANIA,ZAPRASZAM NA OGLEDZINY I JAZDE PROBNA.codziennie od 10 do 18SOBOTA od 09 do 15NIEDZIELA od 12 do 14Szczegolowe warunki sprzedazy,wyposazenie, stan prezentowanych pojazdow, cene,aktualnosc oferty prosimy potwierdzic kontaktujacsie z nami bezposrednio pod nr. telefonuInformacje zaprezentowane na stronach niniejszegoserwisu nie stanowia oferty w rozumieniu przepisowkodeksu cywilnego.Opis moze zawierac bledy."	['Radio', 'Dostep do internetu', 'Tapicerka materialowa', 'Elektryczne szyby przednie', 'Elektryczne szyby tylne', 'Podgrzewane lusterka boczne', 'Kontrola trakcji', 'Wspomaganie ruszania pod gore- Hill Holder', 'Lampy doswietlajace zakret', 'Swiatla do jazdy dziennej', 'Swiatla do jazdy dziennej diodowe LED', 'Lampy przeciwmgielne', 'System Start/Stop', 'Felgi aluminiowe 16', 'ABS', 'ESP', 'System wspomagania hamowania', 'Poduszka powietrzna kierowcy', 'Poduszka powietrzna pasazera', 'Kurtyny powietrzne - przod', 'Boczne poduszki powietrzne - przod', 'Isofix (punkty mocowania fotelika dzieciecego)']	['marcin', 'Osoba prywatna', 'Bardzo sprawnie odpowiada', 'Sprzedajacy na OTOMOTO od 2023']	Zawiercie, Warty	Volkswagen Beetle The 1.2 TSI Design2012 * 130 000 km * 1 197 cm3 * Benzyna
