Oferta od	Pokaz oferty z numerem VIN	Marka pojazdu	Model pojazdu	Rok produkcji	Przebieg	Pojemnosc skokowa	Rodzaj paliwa	Moc	Skrzynia biegow	Naped	Typ nadwozia	Liczba drzwi	Liczba miejsc	Kolor	Mozliwosc finansowania	Kraj pochodzenia	Bezwypadkowy	Serwisowany w ASO	Stan	Oblicz	url	cena	description	wyposazenie	dealer	loc	tytul
Firma	Tak	Volkswagen	Beetle	2014	167000	15983	Diesel	105	Manualna	Na przednie kola	Coupe	3	4	Bialy	Tak	Niemcy	Tak	Tak	Uzywane	VIN	https://www.otomoto.pl/osobowe/oferta/volkswagen-beetle-super-stan-navi-ID6FW0Oy.html	47900	SPRZEDAMVW BEETLEAUTO WBDBSTANIE TECHNICZNYM ORAZ WIZUALNYM !!! * SILNIK, ZAWIESZENIE, SKRZYNIA BIEGOW ORAZ WSZYSTKIE PODZESPOLY DZIALAJAWZOROWO!!! * WNETRZE AUTA CZYSTE, BEZ PLAM ORAZ PRZETARC !!! * LAKIER WIDEALNYMSTANIE !!!Mozliwa zamiana albo kredytowanie, zapraszamy serdecznie Lebork-Mosty ul. Dluga 28!!!- Dodatkowe informacje: liczba miejsc: 4, kraj pochodzenia: NiemcyNumer oferty: AKL17SC94	['System nawigacji satelitarnej', 'Klimatyzacja automatyczna', 'Podgrzewany fotel kierowcy', 'Podgrzewany fotel pasazera', 'Podlokietniki - przod', 'Kierownica ze sterowaniem radia', 'Kierownica wielofunkcyjna', 'Czujnik deszczu', 'Elektryczne szyby przednie', 'Przyciemniane tylne szyby', 'Tempomat', 'Kontrola odleglosci z przodu (przy parkowaniu)', 'Kontrola odleglosci z tylu (przy parkowaniu)', 'Lusterka boczne ustawiane elektrycznie', 'Podgrzewane lusterka boczne', 'Kontrola trakcji', 'Wspomaganie kierownicy', 'ABS', 'ESP', 'Poduszka powietrzna kierowcy', 'Poduszka powietrzna pasazera', 'Poduszka powietrzna centralna', 'Boczne poduszki powietrzne - przod', 'Boczne poduszki powietrzne - tyl', 'Isofix (punkty mocowania fotelika dzieciecego)']	['Salon samochodow uzywanych AUTO BIGUS', 'Sprzedajacy profesjonalny', 'Bardzo sprawnie odpowiada', 'Sprzedajacy na OTOMOTO od 2013']	Majkowskiego 10, Lebork, Polska - 84-300 Lebork, leborski, Pomorskie (Polska)	Volkswagen Beetle
Prywatne	Tak	Volkswagen	Beetle	2012	200000	13903	Benzyna	160	Manualna	Na przednie kola	Kompakt	3	4	Bialy		Niemcy	Tak		Uzywane	VIN	https://www.otomoto.pl/osobowe/oferta/volkswagen-beetle-vw-beetle-1-4-tsi-sport-r-stan-super-piekne-wykonczenie-wnetrza-ID6FNQw3.html	40999	PIEKNY VW BEETLE JEDYNY W SWOIM RODZAJU, JEDYNE TAK WYKONCZONE WNETRZE W STANIE IDEALNYM, SERVIS OLEJOWO FILTROWY LIPIEC 2023, PRZEGLAD DO 07.09.24 CZYLI CALY ROK SPOKOJNEJ JAZDY:) WIECEJ INFORMACJI POD NUMEREMWyswietl numer, MOZNA PISAC SMS UBEZPIECZNIE OC OD 02.10.2023.DO 02.10.2024	['Radio', 'Gniazdo USB', 'System naglosnienia', 'Ekran dotykowy', 'Klimatyzacja manualna', 'Szyberdach szklany - przesuwny i uchylny elektrycz', 'Tapicerka skorzana', 'Podgrzewany fotel kierowcy', 'Podgrzewany fotel pasazera', 'Fotele przednie wentylowane', 'Sportowe fotele - przod', 'Podlokietniki - przod', 'Kierownica skorzana', 'Kierownica ze sterowaniem radia', 'Kierownica wielofunkcyjna', 'Dzwignia zmiany biegow wykonczona skora', 'Czujnik deszczu', 'Elektryczne szyby przednie', 'Elektryczne szyby tylne', 'Przyciemniane tylne szyby', 'Tempomat', 'Lampy bi-ksenonowe', 'Podgrzewane lusterka boczne', 'Kontrola trakcji', 'Lampy doswietlajace zakret', 'Swiatla do jazdy dziennej diodowe LED', 'Lampy przeciwmgielne', 'Felgi aluminiowe 18', 'ABS', 'ESP', 'System wspomagania hamowania', 'Poduszka powietrzna kierowcy', 'Poduszka powietrzna pasazera', 'Kurtyny powietrzne - przod', 'Boczne poduszki powietrzne - przod', 'Isofix (punkty mocowania fotelika dzieciecego)']	['Rafal', 'Osoba prywatna', 'Sprzedajacy na OTOMOTO od 2015']	Wojkowice, bedzinski, Slaskie	Volkswagen Beetle The 1.4 TSI Fender Edition
Firma	Tak	Volkswagen	Beetle	2012	65880	11973	Benzyna	105	Manualna	Na przednie kola	Kompakt	3	4	Czarny	Tak	Polska		Tak	Uzywane	VIN	https://www.otomoto.pl/osobowe/oferta/volkswagen-beetle-1-2-tsi-salon-polska-serwis-aso-navi-klimatronic-tempomat-ID6FTWrg.html	35000	"AAA AUTO - najwiekszy dealer samochodow uzywanych w Europie Srodkowej! Jestesmy wlascicielem wszystkich aut znajdujacych sie w naszej ofercie!NASZE ATUTY:1. Jestesmy wlascicielami sprzedawanych pojazdow. Samochody oferowane w AAA AUTO wyrozniaja sie jakoscia i mozna je kupic w rozsadnej cenie.2. Ponad 2 miliony zadowolonych klientow w blisko 30-letniej historii firmy.3. Specjalizujemy sie w pojazdach krajowych - az 80% naszych aut to pojazdy, ktore byly pierwotnie zarejestrowane w Polsce.4. W AAA AUTO przeprowadzamy kontrole stanu licznika oraz liczby faktycznie przejechanych kilometrow.5. Zapewniamy dozywotnia gwarancje legalnego pochodzenia pojazdu oraz Carlife - ubezpieczenie gwarancyjne na stan mechaniczny pojazdu do 36 miesiecy.6. Umozliwiamy zawarcie umowy kredytu 7 dni w tygodniu* ( w tygodniu z niedziela handlowa), wplata wlasna pod 0%.7. Oferujemy OC i AC tansze nawet do 30%. Wszystkie formalnosci mozna zalatwic w naszym salonie.8. Placimy nawet do 20% wiecej za Twoj samochod, jesli nowy kupisz u nas.9. Oferujemy Program ""7 dni na wymiane auta bez podania powodu""10. Umozliwiamy skorzystanie z dlugiej jazdy probnej.11. Kredyt dostepny na kazde auto.12. Przewieziemy auto do najblizszego salonu od Twojego zamieszkania lub bezposrednio pod dom. * Reprezentatywny przyklad kalkulacji kredytowej: Samochod Ford Focus rocznik 2015, cena samochodu 55000 zl, wklad wlasny 30% (16500 zl). Calkowita kwota kredytu konsumenckiego 39285,71 zl, 36 miesiecznych rat rownych po 1199,60 zl. Okres obowiazywania umowy: 36 miesiecy. Oprocentowanie stale w skali roku: 6,25%. Rzeczywista roczna stopa oprocentowania: 7,89%. Calkowita kwota do zaplaty: 43185,6 zl. Calkowity koszt kredytu: 4685,60 zl (w tym prowizja za udzielenie kredytu 785,71 zl, odsetki 3899,89 zl). Przyznanie i warunki kredytu zaleza od pozytywnej oceny zdolnosci i wiarygodnosci kredytowej.AAA AUTO prowadzi dzialalnosc posrednictwa dla kredytodawcow: Santander Consumer Bank S.A., BNP Paribas Bank Polska S.A., AS Inbank SA, Cofidis S.A., mLeasing, IdeaLeasing.Niniejsze ogloszenie nie stanowi oferty ani zapewnienia, w szczegolnosci rozumieniu art. 66 SS 1 i art. 556 indeks 1 Kodeksu cywilnego. Auocentrum AAA Auto zastrzega sobie prawo do doprecyzowania oraz korekt omylek."	['Radio', 'System nawigacji satelitarnej', 'Klimatyzacja automatyczna', 'Kierownica skorzana', 'Kierownica ze sterowaniem radia', 'Kierownica wielofunkcyjna', 'Elektryczne szyby przednie', 'Tempomat', 'Kontrola odleglosci z przodu (przy parkowaniu)', 'Kontrola odleglosci z tylu (przy parkowaniu)', 'Lusterka boczne ustawiane elektrycznie', 'Kontrola trakcji', 'Elektroniczna kontrola cisnienia w oponach', 'Wspomaganie kierownicy', 'ESP', 'Poduszka powietrzna kierowcy', 'Poduszka powietrzna pasazera', 'Isofix (punkty mocowania fotelika dzieciecego)']	['AAA AUTO - ponad 12 000 sprawdzonych aut w ofercie! Kredyt i Leasing na miare.', 'Sprzedajacy profesjonalny', 'Bardzo sprawnie odpowiada', 'Sprzedajacy na OTOMOTO od 2022']	aleja Grunwaldzka 256 - 80-314 Gdansk, Pomorskie (Polska)	Volkswagen Beetle
Prywatne	Tak	Volkswagen	Beetle	2015	160000	24803	Benzyna	170	Automatyczna	Na przednie kola	Coupe	2	5	Zolty					Uzywane	VIN	https://www.otomoto.pl/osobowe/oferta/volkswagen-beetle-ID6FR218.html	44900	1.8 Turbo (automatic, sport mode). Bardzo dobry stan. Oryginalny przebieg. Dopiero po serwisie. Przeglad techniczny do 04.2024. Samochod znajduje sie na Litwie, istnieje mozliwosc dostarczenia do Suwalki lub na terenie calej Polski.Komunikacja przez Viber, WhatsApp, Telegram.+ 37O 683 895961.8 Turbo, avtomat so sport rezhimom. Otlichnoe sostoianie. Original'nyi probeg. Tol'ko posle obsluzhivaniia. Tekhosmotr do 04.2024. Mashina v Litve, vozmozhna dostavka v Suvalki ili po vsei Pol'she.Sviaz' cherez Viber, WhatsApp, Telegram.	['Interfejs Bluetooth', 'Radio', 'Zestaw glosnomowiacy', 'Gniazdo USB', 'Klimatyzacja automatyczna', 'Podgrzewany fotel kierowcy', 'Podgrzewany fotel pasazera', 'Kierownica skorzana', 'Keyless Go', 'Elektryczne szyby przednie', 'Tempomat', 'Lusterka boczne ustawiane elektrycznie', 'Podgrzewane lusterka boczne', 'Kontrola trakcji', 'Swiatla do jazdy dziennej', 'Elektroniczna kontrola cisnienia w oponach', 'Wspomaganie kierownicy', 'ABS', 'ESP', 'Elektroniczny system rozdzialu sily hamowania', 'System wspomagania hamowania', 'Poduszka powietrzna kierowcy', 'Poduszka powietrzna pasazera', 'Kurtyny powietrzne - przod', 'Boczna poduszka powietrzna kierowcy', 'Boczne poduszki powietrzne - przod', 'Isofix (punkty mocowania fotelika dzieciecego)']	['Vitaliy', 'Osoba prywatna', 'Sprzedajacy na OTOMOTO od 2023']	Suwalki, Podlaskie	Volkswagen Beetle 2.5
Prywatne	Tak	Volkswagen	Beetle	2011	166642	19843	Benzyna	200	Automatyczna		Coupe	3	4	Czarny					Uzywane	VIN	https://www.otomoto.pl/osobowe/oferta/volkswagen-beetle-ID6FGcTP.html	43200	Witam,  sprzedam VW Beetle z 2011 roku. samochod w bardzo dobrym stanie, w bogatej wersji wyposazenia. Zadbany. Zapraszam do kontaktu- chetnie udziele wiecej informacji. Do obejrzenia w Poznaniu.	[]	['Dawid', 'Osoba prywatna', 'Sprzedajacy na OTOMOTO od 2014']	Poznan, Jezyce	Volkswagen Beetle The 2.0 TSI DSG Sport
Prywatne	Tak	Volkswagen	Beetle	2014	113000	19683	Diesel	140	Manualna	Na przednie kola	Coupe	3	4	Bialy		Belgia			Uzywane	VIN	https://www.otomoto.pl/osobowe/oferta/volkswagen-beetle-r-line-2-0tdi-140km-ID6FXNLE.html	48500	samochod zarejestrowany, ubezpieczonyoferta prywatna (umowa kupna-sprzedazy)auto ma oryginalne aluminiowe felgi 18&amp;quot; z oponami letnimiwymieniony rozrzad, swiezo wymianie filtry i olejosoby zainteresowane o wiecej szczegolowszych informacji na temat samochodu prosze o kontakt telefonicznyNIE ODPOWIADAM NA E-MAILE I WIADOMOSCI	['Interfejs Bluetooth', 'Radio', 'Zestaw glosnomowiacy', 'System nawigacji satelitarnej', 'Klimatyzacja automatyczna, dwustrefowa', 'Tapicerka materialowa', 'Kierownica ze sterowaniem radia', 'Elektryczne szyby przednie', 'Przyciemniane tylne szyby', 'Swiatla do jazdy dziennej', 'Lampy przeciwmgielne', 'Wspomaganie kierownicy', 'Felgi stalowe', 'Opony zimowe', 'ABS', 'ESP', 'Poduszka powietrzna kierowcy', 'Poduszka powietrzna pasazera']	['R-Line', 'Osoba prywatna', 'Sprzedajacy na OTOMOTO od 2017']	Wisznice, bialski, Lubelskie	Volkswagen Beetle
Firma	Tak	Volkswagen	Beetle	2012	250000	15983	Diesel	105	Manualna	Na przednie kola	Kompakt	3		Czarny					Uzywane	VIN	https://www.otomoto.pl/osobowe/oferta/volkswagen-beetle-skra-navi-ID6FX0aY.html	36800	Auto sprowadzone czysty zadbany bezwypadkowy bogato wyposazony skora Navi czarna podsufitowce Super stan Polecam	['Radio', 'Gniazdo USB', 'System nawigacji satelitarnej', 'System naglosnienia', 'Klimatyzacja automatyczna', 'Tapicerka skorzana', 'Podgrzewany fotel kierowcy', 'Podgrzewany fotel pasazera', 'Sportowe fotele - przod', 'Podlokietniki - przod', 'Podlokietniki - tyl', 'Kierownica skorzana', 'Kierownica sportowa', 'Kierownica wielofunkcyjna', 'Czujnik deszczu', 'Elektryczne szyby przednie', 'Przyciemniane tylne szyby', 'Tempomat', 'Kontrola trakcji', 'Wspomaganie kierownicy', 'Felgi aluminiowe 18', 'ABS', 'ESP', 'System wspomagania hamowania', 'Poduszka powietrzna kierowcy', 'Poduszka powietrzna pasazera', 'Poduszka kolan pasazera', 'Kurtyny powietrzne - przod']	['KOMIS AUTO-MIX', 'Sprzedajacy profesjonalny', 'Sprzedajacy na OTOMOTO od 2006']	Nowe Dobra 99D ; DK 91, 146km - 86-200 Chelmno, chelminski, Kujawsko-pomorskie (Polska)	Volkswagen Beetle
Prywatne	Tak	Volkswagen	Beetle	2013	160200	11973	Benzyna	105	Manualna	Na przednie kola	Coupe	2	4	Czarny			Tak		Uzywane	VIN	https://www.otomoto.pl/osobowe/oferta/volkswagen-beetle-volkswagen-beetle-2013-1-2-benzyna-ID6FXNjP.html	38400	Sprzedam auto Volkswagen Beetle z 2013 r. Auto w pelni sprawne, zadbane. Zadnych sladow rdzy, czy korozji. Niskie spalanie srednio ok 5,5l/100km.  Aktualnie na zimowych oponach. Sprzedajemy glownie z powodu zmiany miejsca zamieszkania i niestety na aktualna droge do domu szkoda auta - kto przyjedzie zobaczyc zrozumie :) Pierwsza rejestracja w Polsce sierpien 2021. Przeglad i ubezpieczenie  - sierpien 2024Auto wyposazone w naglosnienie FENDER .Na wiecej pytan odpowiem telefonicznie , badz we wiadomosci. Zapraszamy do obejrzenia i zakupu.	['Radio', 'Gniazdo USB', 'Ekran dotykowy', 'Klimatyzacja manualna', 'Szyberdach szklany - przesuwny i uchylny elektrycz', 'Tapicerka materialowa', 'Podlokietniki - przod', 'Kierownica wielofunkcyjna', 'Elektryczne szyby przednie', 'Dach otwierany elektrycznie', 'Tempomat', 'Kontrola trakcji', 'Lampy doswietlajace zakret', 'Swiatla do jazdy dziennej', 'Swiatla do jazdy dziennej diodowe LED', 'Lampy przeciwmgielne', 'Lampy przeciwmgielne w technologii LED', 'Wspomaganie kierownicy', 'ABS', 'ESP', 'Poduszka powietrzna kierowcy', 'Poduszka powietrzna pasazera', 'Boczna poduszka powietrzna kierowcy', 'Boczne poduszki powietrzne - przod', 'Isofix (punkty mocowania fotelika dzieciecego)']	['Dawid', 'Osoba prywatna', 'Sprzedajacy na OTOMOTO od 2023']	Pepowo, kartuski, Pomorskie	Volkswagen Beetle 1.2 TSI
Prywatne	Tak	Volkswagen	Beetle	2012	90120	13903	Benzyna	160	Manualna	Na przednie kola	Coupe	2	4	Blekitny		Polska	Tak		Uzywane	VIN	https://www.otomoto.pl/osobowe/oferta/volkswagen-beetle-zadbany-niski-przebieg-ID6FNyPK.html	46000	Sprzedajemy samochod, ktory nam dzielnie sluzyl jako 2 w domu i firmie. Auto kupione w poznanskim salonie serwisowane w ASO VW oraz Serwis CEL gdzie przechodzi przeglady takze rejestracyjne. Ma dodatkowe kola zimowe z kolpakami - te na ktorych jest na zdjeciach to letni zestaw za szeroki na zime. Wersja sport ma m.im. dodatkowe zegary na centralnym kokpicie, ale ten akurat samochod ma tez wyjatkowy zestaw muzyczny przygotowany przez firme FENDER. Wzmacniacz, subwoofer zabudowany na nadkolu i duzy dysk HDD dla gromadzenia muzyki robi wrazenie jakoscia i sila dzwieku. Lakier oryginale z drobnymi wadami typowymi dla czasu uzywania, utrzymal mimo tych lat piekny niebiesko - srebrzysty kolor. Tapicerka czysta -nie ma rys wewnatrz. Auto zadbane, czyste. Zainteresowanym mieszkajacym dalej od Poznania - moge pokazac auto w video rozmowie.	['Radio', 'System nawigacji satelitarnej', 'System naglosnienia', 'Klimatyzacja automatyczna', 'Tapicerka materialowa', 'Podgrzewany fotel kierowcy', 'Podgrzewany fotel pasazera', 'Sportowe fotele - przod', 'Podlokietniki - przod', 'Kierownica skorzana', 'Kierownica ze sterowaniem radia', 'Kierownica wielofunkcyjna', 'Zmiana biegow w kierownicy', 'Dzwignia zmiany biegow wykonczona skora', 'Elektryczne szyby przednie', 'Tempomat', 'Lampy bi-ksenonowe', 'Kontrola odleglosci z przodu (przy parkowaniu)', 'Kontrola odleglosci z tylu (przy parkowaniu)', 'Kamera parkowania tyl', 'Lusterka boczne ustawiane elektrycznie', 'Podgrzewane lusterka boczne', 'Ogranicznik predkosci', 'Kontrola trakcji', 'Wspomaganie ruszania pod gore- Hill Holder', 'Czujnik zmierzchu', 'Spryskiwacze reflektorow', 'Lampy doswietlajace zakret', 'Swiatla do jazdy dziennej', 'Swiatla do jazdy dziennej diodowe LED', 'Lampy przeciwmgielne', 'Elektroniczna kontrola cisnienia w oponach', 'Wspomaganie kierownicy', 'Blokada mechanizmu roznicowego', 'Felgi aluminiowe 18', 'ABS', 'ESP', 'Elektroniczny system rozdzialu sily hamowania', 'Poduszka powietrzna kierowcy', 'Poduszka powietrzna pasazera', 'Boczna poduszka powietrzna kierowcy', 'Boczne poduszki powietrzne - przod', 'Isofix (punkty mocowania fotelika dzieciecego)']	['Aleksander', 'Osoba prywatna', 'Sprzedajacy na OTOMOTO od 2016']	Lusowko, poznanski, Wielkopolskie	Volkswagen Beetle 1.4 TSI Sport
Prywatne	Tak	Volkswagen	Beetle	2012	149000	19843	Benzyna	211	Automatyczna		Coupe	2	4	Czarny			Tak		Uzywane	VIN	https://www.otomoto.pl/osobowe/oferta/volkswagen-beetle-volkswagen-beetle-2-0-automat-w-gazie-ID6FXKsQ.html	41000	Volkswagen Beetle 2.0 TSI DSG Sport 211KM z automatyczna skrzynia biegow w gazie.Badanie techniczne wazne do kwietnia 2024 r.Stan bardzo dobry. Atrakcyjny wyglad.Model ten posiada podgrzewane skorzane fotele, tempomat, multifunkcyjna kierownice, czujniki parkowania, szyberdach, radio z dotykowym ekranem oraz kilka innych dodatkow.Naglosnienie BOSE.Ceramika polozona na lakierze.Posiadam dodatkowy komplet opon zimowych. Auto jest po wymianie wszystkich filtrow, olei lacznie ze skrzynia biegow.W samochodzie nie bylo palone.Umowa sprzedazyWersja amerykanska.Nie wymaga wkladu finansowego.Instalacja gazowa zamontowana w 2018 r.Auto dostepne do ogladania w Zielonce pod Warszawa (pow. wolominski)	['Radio', 'Zestaw glosnomowiacy', 'System nawigacji satelitarnej', 'System naglosnienia', 'Ekran dotykowy', 'Sterowanie funkcjami pojazdu za pomoca glosu', 'Klimatyzacja manualna', 'Szyberdach szklany - przesuwny i uchylny elektrycz', 'Tapicerka skorzana', 'Podgrzewany fotel kierowcy', 'Podgrzewany fotel pasazera', 'Sportowe fotele - przod', 'Podlokietniki - przod', 'Kierownica skorzana', 'Kierownica ze sterowaniem radia', 'Kierownica wielofunkcyjna', 'Zmiana biegow w kierownicy', 'Dzwignia zmiany biegow wykonczona skora', 'Uruchamianie silnika bez uzycia kluczykow', 'Elektryczne szyby przednie', 'Przyciemniane tylne szyby', 'Dach otwierany elektrycznie', 'Tempomat', 'Lampy bi-ksenonowe', 'Kontrola odleglosci z tylu (przy parkowaniu)', 'Lusterka boczne ustawiane elektrycznie', 'Podgrzewane lusterka boczne', 'Kontrola trakcji', 'Wspomaganie ruszania pod gore- Hill Holder', 'Spryskiwacze reflektorow', 'Lampy doswietlajace zakret', 'Swiatla do jazdy dziennej', 'Swiatla do jazdy dziennej diodowe LED', 'Lampy przeciwmgielne', 'Wspomaganie kierownicy', 'Blokada mechanizmu roznicowego', 'Felgi aluminiowe 18', 'Opony letnie', 'Zawieszenie sportowe', 'ABS', 'ESP', 'Elektroniczny system rozdzialu sily hamowania', 'Poduszka powietrzna kierowcy', 'Poduszka powietrzna pasazera', 'Boczna poduszka powietrzna kierowcy', 'Boczne poduszki powietrzne - przod', 'Isofix (punkty mocowania fotelika dzieciecego)']	['Daniel', 'Osoba prywatna', 'Bardzo sprawnie odpowiada', 'Sprzedajacy na OTOMOTO od 2018']	Zielonka, wolominski, Mazowieckie	Volkswagen Beetle 2.0 TSI Sport DSG
Prywatne	Tak	Volkswagen	Beetle	2012	24000	24803	Benzyna+LPG	170	Automatyczna	Na przednie kola	Coupe	2	4	Zolty		Stany Zjednoczone			Uzywane	VIN	https://www.otomoto.pl/osobowe/oferta/volkswagen-beetle-okazja-maly-przebieg-atrakcyjny-wyglad-wnetrze-jak-nowy-ID6FQlDL.html	35800	Dodatkowy komplet opon zimowych , stan bdb , atrakcyjny wyglad, po wymianie wszystkich  filtrow , olei lacznie ze skrzynia biegow-   udokumentowany , umowa sprzedazy	['Interfejs Bluetooth', 'Radio', 'Gniazdo USB', 'Klimatyzacja automatyczna', 'Tapicerka skorzana', 'Podgrzewany fotel kierowcy', 'Podgrzewany fotel pasazera', 'Kierownica skorzana', 'Keyless Go', 'Elektryczne szyby przednie', 'Tempomat', 'Lusterka boczne ustawiane elektrycznie', 'Podgrzewane lusterka boczne', 'Kontrola trakcji', 'Swiatla do jazdy dziennej', 'Elektroniczna kontrola cisnienia w oponach', 'Wspomaganie kierownicy', 'ABS', 'ESP', 'Elektroniczny system rozdzialu sily hamowania', 'System wspomagania hamowania', 'Poduszka powietrzna kierowcy', 'Poduszka powietrzna pasazera', 'Kurtyny powietrzne - przod', 'Boczna poduszka powietrzna kierowcy', 'Boczne poduszki powietrzne - przod', 'Isofix (punkty mocowania fotelika dzieciecego)']	['roman', 'Osoba prywatna', 'Bardzo sprawnie odpowiada', 'Sprzedajacy na OTOMOTO od 2014']	Skorzewo, poznanski, Wielkopolskie	Volkswagen Beetle 2.5
Prywatne	Tak	Volkswagen	Beetle	2012	104000	19843	Benzyna	200	Automatyczna		Kompakt	3	5	Zloty					Uzywane	VIN	https://www.otomoto.pl/osobowe/oferta/volkswagen-beetle-vw-beetle-maly-przebieg-230km-ID6FOEl0.html	38000	WitamPosiadam na sprzedaz samochod, jakim jest VW Beetle. Rok produkcji 2012, przebieg 104tys km. Wersja z najmocniejszym silnikiem 2.0 turbo, seryjnie 200 KM. Zostala zmieniona moc i obecnie generuje ok. 230 koni, co daje fajna radosc z jazdy.W ostatnim czasie zostal zmieniony olej, klocki i wszystkie filtry. Auto dobrze trzyma sie drogi jest sztywne a zawieszenie nie wybite, nic nie stuka. Wnetrze zadbane, w srodku nie bylo palone, wszystko jest na swoim miejscu i tak jak byc powinno. Vw posiada podgrzewane fotele, tempomat, multifunkcyjna kierownice, czujniki parkowania i pare innych bajerow.Zapraszam tylko powaznie zainteresowane osoby. Pozdrawiam	['Interfejs Bluetooth', 'Radio', 'Zestaw glosnomowiacy', 'System nawigacji satelitarnej', 'System naglosnienia', 'Ekran dotykowy', 'Klimatyzacja automatyczna, dwustrefowa', 'Tapicerka materialowa', 'Podgrzewany fotel kierowcy', 'Podgrzewany fotel pasazera', 'Podlokietniki - przod', 'Kierownica skorzana', 'Kierownica ze sterowaniem radia', 'Czujnik deszczu', 'Czujnik zmierzchu', 'Swiatla do jazdy dziennej diodowe LED', 'Elektroniczna kontrola cisnienia w oponach', 'Wspomaganie kierownicy', 'Felgi aluminiowe 17', 'Opony zimowe', 'Zawieszenie komfortowe', 'ABS', 'ESP', 'System wspomagania hamowania']	['Patryk', 'Osoba prywatna', 'Sprzedajacy na OTOMOTO od 2015']	Warszawa, Wola	Volkswagen Beetle The 2.0 TSI DSG Sport
Firma	Tak	Volkswagen	Beetle	2013	170000	11973	Benzyna	105	Manualna	Na przednie kola	Coupe	3	4	Czarny		Niemcy	Tak	Tak	Uzywane	VIN	https://www.otomoto.pl/osobowe/oferta/volkswagen-beetle-1-2tsi-105km-xenon-serwis-zobacz-koniecznie-ID6FXJMi.html	38900	"Witam!     Przedmiotem  sprzedazy jest samochod osobowy VW Beetle z silnikiem 1.2TSI o mocy 105 KM! Przygotowany do rejestracji! Jest to auto sprowadzone z Niemiec, gdzie zakupilem je od pierwszego wlasciciela!  Stan techniczny i optyczny idealny! Wnetrze utrzymane bardzo ladnie, bez widocznych sladow uzytkowania! Nie wymaga wkladu finansowego.  Rok produkcji 2012. Pierwsza rejestracja 2013!WYPOSAZENIE:-LED-Xenon-8x AirBag-Dwustrefowa Klimatyzacja-Podgrzewane Fotele-El. Szyby-El. Lusterka-Alu Felgi -ABS-ESP-Radio CD-Komputer -Centralny Zamek-Komplet KluczyFirma ,, Auto Komis Eurocar "" zajmujaca sie profesjonalnie samochodami posiada w ciaglej ofercie kilkadziesiat samochodow z rynku krajowego i zagranicznego. Starajac sie sprostac Panstwa oczekiwaniom w wyborze samochodu umozliwiamy sprawdzenie kazdego auta w autoryzowanej stacji obslugi pojazdow.TEL. KONTAKTOWE DO KOMISUWyswietl numerWyswietl numer!!! Samochody sprowadzane przez nas sa BEZWYPADKOWE!!!Istnieje rowniez mozliwosc zamiany, sprzedazy ratalnej na bardzo korzystnych warunkach.Wspolpracujemy z bankami GETIN BANK oraz SANTANDER BANKWszelkie pytania tylko o kredyt prosimy kierowac pod nr.Wyswietl numerlubWyswietl numerWystawiamy fakture VAT-marza. (kupujacy zwolniony z oplaty skarbowej)!!! Sprowadzamy rowniez auta pod indywidualne zamowienie !!!Firma umozliwia zalatwienie wszelkich formalnosci zwiazanych z zakupem auta:- ubezpieczenie- kredyt- leasing* Kredyt samochodowy dla firm i osob fizycznych bez wplaty i zaswiadczen* Uproszczona procedura kredytowa* Decyzja niemal natychmiast* Kredytujemy kazdy pojazd* Okres kredytowania do 8 lat* Kredytujemy pelna wartosc pojazdu* Mozliwosc skredytowania pojazdu zakupionego od osoby fizycznej, sprowadzonego z zagranicy* Preferencyjne pakiety ubezpieczeniowe z mozliwoscia skredytowania.W przypadku samochodow nie zarejestrowanych w kraju istnieje mozliwosc wykupienia na miejscu polisy ubezpieczeniowej i powrot samochodem na ,,kolach"". Niniejsze ogloszenie jest wylacznie informacja handlowa i nie stanowi oferty w mysl art. 66, SS1. Kodeksu Cywilnego. Sprzedajacy nie odpowiada za ewentualne bledy lub nie aktualnosc ogloszenia.*************************** Z A P R A S Z A M Y *****************************"	['Radio', 'Gniazdo USB', 'Klimatyzacja automatyczna, dwustrefowa', 'Tapicerka materialowa', 'Podgrzewany fotel kierowcy', 'Podgrzewany fotel pasazera', 'Czujnik deszczu', 'Elektryczne szyby przednie', 'Wycieraczki', 'Lampy ksenonowe', 'Kontrola odleglosci z przodu (przy parkowaniu)', 'Kontrola odleglosci z tylu (przy parkowaniu)', 'Podgrzewane lusterka boczne', 'Kontrola trakcji', 'Wspomaganie ruszania pod gore- Hill Holder', 'Czujnik zmierzchu', 'Spryskiwacze reflektorow', 'Lampy doswietlajace zakret', 'Swiatla do jazdy dziennej', 'Lampy przeciwmgielne', 'Lampy tylne w technologii LED', 'Oswietlenie wnetrza LED', 'System Start/Stop', 'Wspomaganie kierownicy', 'Felgi aluminiowe 17', 'ABS', 'ESP', 'System wspomagania hamowania', 'Poduszka powietrzna kierowcy', 'Poduszka powietrzna pasazera', 'Kurtyny powietrzne - przod', 'Boczne poduszki powietrzne - przod', 'Isofix (punkty mocowania fotelika dzieciecego)']	['Auto Komis Eurocar z gwarancja GetHelp', 'Sprzedajacy profesjonalny', 'Sprzedajacy na OTOMOTO od 2006']	Malkinska 8 - 07-300 Ostrow Mazowiecka, ostrowski, Mazowieckie (Polska)	Volkswagen Beetle The 1.2 TSI Blue Motion Technologie Design
Prywatne	Tak	Volkswagen	Beetle	2012	119000	15983	Diesel	105	Manualna	Na przednie kola	Auta miejskie	3	4	Szary		Francja			Uzywane	VIN	https://www.otomoto.pl/osobowe/oferta/volkswagen-beetle-stan-bdb-niski-przebieg-ID6FwQbI.html	36000	VW Beetle 1.6 TDI /  105 KMRok: 2012Przebieg: 119000 kmSamochod nie wymaga wkladu finansowego.W zawieszeniu nic nie stuka, hamulce ok, klimatyzacja dziala.W marcu tego roku zalozony nowy akumulator.Olej z filtrem zmieniony przy przebiegu 113 500 km, filtr paliwa przy 118 500 km.Auto jezdzi na alufelgach 16 cali.Czarna podsufitka.Srodek czysty, zadbany. Z zewnatrz drobne ryski, obicia - normalne slady uzytkowania.Silnik bardzo ekonomiczny a przy tym dynamiczny.Auto w prywatnych rekach, nie jestem handlarzem.2 kluczykiSamochod w ciaglej eksploatacji.	['Radio', 'Klimatyzacja manualna', 'Tapicerka materialowa', 'Podlokietniki - przod', 'Kierownica skorzana', 'Kierownica ze sterowaniem radia', 'Kierownica wielofunkcyjna', 'Dzwignia zmiany biegow wykonczona skora', 'Czujnik deszczu', 'Elektryczne szyby przednie', 'Tempomat', 'Lusterka boczne ustawiane elektrycznie', 'Podgrzewane lusterka boczne', 'Kontrola trakcji', 'Wspomaganie ruszania pod gore- Hill Holder', 'Lampy doswietlajace zakret', 'Swiatla do jazdy dziennej', 'Lampy przeciwmgielne', 'Wspomaganie kierownicy', 'Filtr czastek stalych', 'Felgi aluminiowe 16', 'Opony letnie', 'ABS', 'ESP', 'System wspomagania hamowania', 'Poduszka powietrzna kierowcy', 'Poduszka powietrzna pasazera', 'Kurtyny powietrzne - przod', 'Boczna poduszka powietrzna kierowcy', 'Boczne poduszki powietrzne - przod', 'Isofix (punkty mocowania fotelika dzieciecego)']	['Iza', 'Osoba prywatna', 'Sprzedajacy na OTOMOTO od 2023']	Brzesko, brzeski, Malopolskie	Volkswagen Beetle The 1.6 TDI DPF
Prywatne	Tak	Volkswagen	Beetle	2013	164000	19683	Diesel	140	Automatyczna	Na przednie kola	Coupe	3	4	Szary		Stany Zjednoczone			Uzywane	VIN	https://www.otomoto.pl/osobowe/oferta/volkswagen-beetle-2-0tdi-dsg-ID6FukZg.html	44000	VW Beetle 2.0TDi 140PSSkrzynia automatyczna DSG___Sprowadzony z USA, pierwszy wlasciciel w kraju Cena brutto, wystawiamy fakture vat marzaMozliwosc finansowania zakupu, pozostawienia innego auta w rozliczeniu___Nowe opony letnie, 2 kluczyki, pelna dokumentacja...___Wyposazenie:Audio i multimediaInterfejs BluetoothRadioZestaw glosnomowiacyGniazdo USBSystem naglosnieniaEkran dotykowyKomfort i dodatkiKlimatyzacja manualnaSzyberdach szklany - przesuwny i uchylny elektryczTapicerka skorzanaPodgrzewany fotel kierowcyPodgrzewany fotel pasazeraRegul. elektr. podparcia ledzwiowego - kierowcaPodlokietniki - przodKierownica skorzanaKierownica sportowaKierownica ze sterowaniem radiaKierownica wielofunkcyjnaZmiana biegow w kierownicyDzwignia zmiany biegow wykonczona skoraKeyless GoUruchamianie silnika bez uzycia kluczykowElektryczne szyby przedniePrzyciemniane tylne szybyWycieraczkiSystemy wspomagania kierowcyTempomatLusterka boczne ustawiane elektryczniePodgrzewane lusterka boczneKontrola trakcjiWspomaganie ruszania pod gore- Hill HolderSwiatla do jazdy dziennejWspomaganie kierownicyOsiagi i tuningFelgi aluminiowe 17Opony letnieBezpieczenstwoABSESPSystem wspomagania hamowaniaPoduszka powietrzna kierowcyPoduszka powietrzna pasazeraKurtyny powietrzne - przodBoczne poduszki powietrzne - przodIsofix (punkty mocowania fotelika dzieciecego)	['Interfejs Bluetooth', 'Radio', 'Zestaw glosnomowiacy', 'Gniazdo USB', 'System naglosnienia', 'Ekran dotykowy', 'Klimatyzacja manualna', 'Szyberdach szklany - przesuwny i uchylny elektrycz', 'Tapicerka skorzana', 'Podgrzewany fotel kierowcy', 'Podgrzewany fotel pasazera', 'Regul. elektr. podparcia ledzwiowego - kierowca', 'Podlokietniki - przod', 'Kierownica skorzana', 'Kierownica sportowa', 'Kierownica ze sterowaniem radia', 'Kierownica wielofunkcyjna', 'Zmiana biegow w kierownicy', 'Dzwignia zmiany biegow wykonczona skora', 'Keyless Go', 'Uruchamianie silnika bez uzycia kluczykow', 'Elektryczne szyby przednie', 'Przyciemniane tylne szyby', 'Wycieraczki', 'Tempomat', 'Lusterka boczne ustawiane elektrycznie', 'Podgrzewane lusterka boczne', 'Kontrola trakcji', 'Wspomaganie ruszania pod gore- Hill Holder', 'Swiatla do jazdy dziennej', 'Wspomaganie kierownicy', 'Filtr czastek stalych', 'Felgi aluminiowe 17', 'Opony letnie', 'ABS', 'ESP', 'System wspomagania hamowania', 'Poduszka powietrzna kierowcy', 'Poduszka powietrzna pasazera', 'Kurtyny powietrzne - przod', 'Boczne poduszki powietrzne - przod', 'Isofix (punkty mocowania fotelika dzieciecego)']	['Marek', 'Osoba prywatna', 'Bardzo sprawnie odpowiada', 'Sprzedajacy na OTOMOTO od 2015']	Lodz, Gorna	Volkswagen Beetle The 2.0 TDI DSG DPF
Prywatne	Tak	Volkswagen	Beetle	2012	185000	19683	Diesel	140	Automatyczna	Na przednie kola	Auta miejskie	3	5	Szary			Tak	Tak	Uzywane	VIN	https://www.otomoto.pl/osobowe/oferta/volkswagen-beetle-beetle-2-0-tdi-140km-dsg-automat-czujniki-climatronic-idealny-stan-ID6FU1qY.html	45900	Volkswagen Beetle 2.0 TDI 140 KM z automatyczna skrzynia biegow DSG Samochod w stanie perfekcyjnym.  Spelni oczekiwania wymagajacego kupujacego.Technicznie jak i wizualnie samochod utrzymany w idealnym stanie. Prowadzi sie i wyglada jak nowy samochod. Wnetrze bardzo zadbane. Jest czyste i nie nosi oznak zuzycia.W samochodzie nie bylo paloneSamochod prowadzi sie bardzo dobrze i nie wymaga wkladu finansowego.Auto na biezaco serwisowane co potwierdza ksiazka serwisowa. Ostatni wpis 174 000 kmW samochodzie zostaly zalozony komplet nowych opon. Pozostale elementy eksploatacyjne takie jak tarcze klocki itp w bardzo dobrym stanie. Nic nie wymaga wymiany. Samochod bez wypadkowy Samochod posiada miedzy innymi:- Czarna podsufitke - Czujniki parkowania tylnie - Czujniki parkowania przednie- Felgi aluminiowe  - Automatyczna klimatyzacje dwu strefowa- Multimedia- Kierownice wielofunkcyjna- Czujnik deszczu- Czujnik zmierzchu- Obsluga telefonu- Lusterko fotochromatyczne i wiele innychPo wiecej informacji zachecam do kontaktu telefonicznego:Wyswietl numer- oraz zapraszam na jazde probna.Wiecej zdjec na portalu otomoto	['Interfejs Bluetooth', 'Radio', 'Zestaw glosnomowiacy', 'Gniazdo USB', 'System naglosnienia', 'Klimatyzacja automatyczna, dwustrefowa', 'Tapicerka materialowa', 'Regul. elektr. podparcia ledzwiowego - kierowca', 'Podlokietniki - przod', 'Kierownica skorzana', 'Dzwignia zmiany biegow wykonczona skora', 'Czujnik deszczu', 'Elektryczne szyby przednie', 'Elektryczne szyby tylne', 'Wycieraczki', 'Kontrola odleglosci z przodu (przy parkowaniu)', 'Kontrola odleglosci z tylu (przy parkowaniu)', 'Lusterka boczne ustawiane elektrycznie', 'Podgrzewane lusterka boczne', 'Kontrola trakcji', 'Wspomaganie ruszania pod gore- Hill Holder', 'Lampy doswietlajace zakret', 'Swiatla do jazdy dziennej', 'Lampy przeciwmgielne', 'Elektroniczna kontrola cisnienia w oponach', 'Wspomaganie kierownicy', 'Filtr czastek stalych', 'Felgi aluminiowe 16', 'ABS', 'ESP', 'System wspomagania hamowania', 'Poduszka powietrzna kierowcy', 'Poduszka powietrzna pasazera', 'Kurtyny powietrzne - przod', 'Boczne poduszki powietrzne - przod', 'Isofix (punkty mocowania fotelika dzieciecego)']	['Piotr', 'Osoba prywatna', 'Sprzedajacy na OTOMOTO od 2018']	Krakow, Zwierzyniec	Volkswagen Beetle The 2.0 TDI DSG DPF Design
Prywatne	Tak	Volkswagen	New Beetle	2013	223000	19683	Diesel	140	Manualna	Na przednie kola	Auta miejskie	3	4	Czarny			Tak		Uzywane	VIN	https://www.otomoto.pl/osobowe/oferta/volkswagen-new-beetle-vw-newbeetle-2-0-tdi-1-wszy-wlasciciel-nowy-silnik-doinwestowany-ID6FVBvx.html	34900	Vw New Beetle 2.0 TDI 140 km. W samochodzie w ostatnim czasie zmieniony zostal silnik na taki ze znikomym przebiegiem ( stary zaczal stukac). Przy okazji zmieniony zostal kompletny rozrzad wraz z filtrami i olejem. Zalozony nowy kompletny EGR wraz z nowa chlodniczka, pol roku temu kompletne zawieszenie z przodu i zaciski tylne. Auto nie wymaga wkladu finansowego. Samochod dobrze wyposazony :-Dwustrefowa klimatyzacja -Tempomat -Oryginalne, dotykowe,  radio VW z systemem glosnomowiacym i mozliwoscia odtwarzania muzyki przez Bluetooth-Wykonczeniem wnetrza Piano black w dobrym stanie -Swiatla do jazdy dziennej -Szyberdach elektryczny -Trojramienna scieta kierownica-Doswietlanie zakretow  -Domykanie z pilota Auto bardzo dobrze utrzymane z pachnacym i czystym wnetrzem, bezpieczne- wyposazone w pelen zestaw poduszek powietrznych. Auto od nowosci w rodzinie. Posiada normalne slady uzytkowania. Zapraszam do kontaktu.Wyswietl numerCena do negocjacji.	['Interfejs Bluetooth', 'Radio', 'System nawigacji satelitarnej', 'Ekran dotykowy', 'Klimatyzacja automatyczna, dwustrefowa', 'Szyberdach szklany - przesuwny i uchylny elektrycz', 'Podlokietniki - przod', 'Kierownica sportowa', 'Czujnik deszczu', 'Elektryczne szyby przednie', 'Wycieraczki', 'Tempomat', 'Kontrola trakcji', 'Lampy doswietlajace zakret', 'ABS', 'ESP']	['Dawid', 'Osoba prywatna', 'Sprzedajacy na OTOMOTO od 2019']	Warszawa, Zoliborz	Volkswagen New Beetle
Prywatne	Tak	Volkswagen	Beetle	2012	103000	11973	Benzyna	105	Manualna	Na przednie kola	Kompakt	2	4	Czerwony		Niemcy	Tak		Uzywane	VIN	https://www.otomoto.pl/osobowe/oferta/volkswagen-beetle-beetle-stan-idealny-nowy-rozrzad-ID6FRruo.html	9600	Sprzedam VW Beetel w stanie idealnym,bardzo zadbany,niski przebieg.Opony wielosezonowe Continental z felgami VW.Bogate wyposazenie.	['Radio', 'Ekran dotykowy', 'Klimatyzacja automatyczna', 'Tapicerka czesciowo skorzana', 'Podgrzewany fotel kierowcy', 'Podgrzewany fotel pasazera', 'Podlokietniki - przod', 'Kierownica skorzana', 'Kierownica sportowa', 'Kierownica ze sterowaniem radia', 'Kierownica wielofunkcyjna', 'Dzwignia zmiany biegow wykonczona skora', 'Elektryczne szyby przednie', 'Tempomat', 'Lampy bi-ksenonowe', 'Kontrola odleglosci z przodu (przy parkowaniu)', 'Kontrola odleglosci z tylu (przy parkowaniu)', 'Lusterka boczne ustawiane elektrycznie', 'Podgrzewane lusterka boczne', 'Kontrola trakcji', 'Dynamiczne swiatla doswietlajace zakrety', 'Swiatla do jazdy dziennej', 'Wspomaganie kierownicy', 'Felgi aluminiowe 17', 'ABS', 'ESP', 'Elektroniczny system rozdzialu sily hamowania', 'Poduszka powietrzna kierowcy', 'Poduszka powietrzna pasazera', 'Boczna poduszka powietrzna kierowcy', 'Boczne poduszki powietrzne - przod', 'Isofix (punkty mocowania fotelika dzieciecego)']	['Patrycja', 'Osoba prywatna', 'Sprzedajacy na OTOMOTO od 2023']	Salzgitter, salzgitter, Niedersachsen	Volkswagen Beetle 1.2 TSI
Firma	Tak	Volkswagen	New Beetle	2014	86000	14003	Benzyna	160	Manualna	Na przednie kola	Coupe	3	4	Czarny					Uzywane	VIN	https://www.otomoto.pl/osobowe/oferta/volkswagen-new-beetle-navi-xenon-led-klima-ID6FnrA7.html	43800	Auto sprowadzone z Niemiec w bardzo dobrym stanie technicznym, bogata wersja, serwisowany, z malym przebiegiem. Wiecej informacji udzielam tylko telefonicznie.-------------------Firma VISIO zajmuje sie fotografia reklamowa (motoryzacja, domy i inne przedmioty uzytkowe itp. zgodnie z zyczeniem klienta).Niniejsze ogloszenie jest wylacznie informacja handlowa i nie stanowi oferty w mysl art. 66. SS1. Kodeksu Cywilnego.Firma Visio nie odpowiada za ewentualne bledy lub nieaktualnosc ogloszenia.W przypadku kupna, umowa kupna-sprzedazy zawierana jest miedzy kupujacym, a wlascicielem oferowanego przedmiotu(np. samochodu, motoru), bez posrednictwa mojej firmy.	['Interfejs Bluetooth', 'Radio', 'Zestaw glosnomowiacy', 'Gniazdo USB', 'System nawigacji satelitarnej', 'Ekran dotykowy', 'Klimatyzacja manualna', 'Tapicerka materialowa', 'Podgrzewany fotel kierowcy', 'Podgrzewany fotel pasazera', 'Podlokietniki - przod', 'Kierownica skorzana', 'Kierownica wielofunkcyjna', 'Czujnik deszczu', 'Elektryczne szyby przednie', 'Elektryczne szyby tylne', 'Wycieraczki', 'Tempomat', 'Kontrola odleglosci z przodu (przy parkowaniu)', 'Kontrola odleglosci z tylu (przy parkowaniu)', 'Podgrzewane lusterka boczne', 'Kontrola trakcji', 'Czujnik zmierzchu', 'Spryskiwacze reflektorow', 'Swiatla do jazdy dziennej', 'Swiatla do jazdy dziennej diodowe LED', 'Lampy przeciwmgielne', 'Oswietlenie drogi do domu', 'Wspomaganie kierownicy', 'Felgi aluminiowe 18', 'ABS', 'ESP', 'Elektroniczny system rozdzialu sily hamowania', 'System wspomagania hamowania', 'Poduszka powietrzna kierowcy', 'Poduszka powietrzna pasazera', 'Kurtyny powietrzne - przod', 'Poduszka powietrzna centralna', 'Boczna poduszka powietrzna kierowcy', 'Boczne poduszki powietrzne - przod', 'Isofix (punkty mocowania fotelika dzieciecego)']	['Visio-Fotografia', 'Sprzedajacy profesjonalny', 'Sprzedajacy na OTOMOTO od 2017']	Gubin - 66-620 Gubin, krosnienski, Lubuskie (Polska)	Volkswagen New Beetle
Firma	Tak	Volkswagen	Beetle	2011	154000	11973	Benzyna	105	Manualna	Na przednie kola	Coupe	2	4	Czarny		Polska		Tak	Uzywane	VIN	https://www.otomoto.pl/osobowe/oferta/volkswagen-beetle-ID6FvlSY.html	34900	Samochod z Nasza 3 miesieczna gwarancja !!!! Gwarancja obejmuje:- jednostki napedowe - silnik,- mechanizmy roznicowe,- waly napedowe,- obudowy - skrzyni biegow, silnikow, mostow, - przednie i tylne zawieszenie - amortyzatory, sprezyny itp.- zawieszenie hydro-pneumatyczne,- kola zamachowe dwumasowe.Informacje umieszczone na stronie internetowej sluza jedynie celom informacyjnym.Nie stanowia oferty w rozumieniu przepisow Kodeksu Cywilnego oraz opisu towaru ani zapewnienia w rozumieniu art. 4 Ustawy z dnia 27 lipca 2002 roku o szczegolnych warunkach sprzedazy konsumenckiej jak rowniez art 66SS1 k.c Indywidualne uzgodnienie wlasciwosci i specyfikacji pojazdu nastepuje w umowie sprzedazy.sprzedajacy nie odpowiada za ewentualne bledy lub nie aktualnoSC ogloszenia...Auto Salon G&J	['Interfejs Bluetooth', 'Radio', 'Zestaw glosnomowiacy', 'Gniazdo USB', 'System naglosnienia', 'Ekran dotykowy', 'Klimatyzacja automatyczna', 'Tapicerka materialowa', 'Podgrzewany fotel kierowcy', 'Podgrzewany fotel pasazera', 'Podlokietniki - przod', 'Kierownica skorzana', 'Kierownica ze sterowaniem radia', 'Kierownica wielofunkcyjna', 'Dzwignia zmiany biegow wykonczona skora', 'Elektryczne szyby przednie', 'Wycieraczki', 'Tempomat', 'Kontrola odleglosci z przodu (przy parkowaniu)', 'Kontrola odleglosci z tylu (przy parkowaniu)', 'Lusterka boczne ustawiane elektrycznie', 'Podgrzewane lusterka boczne', 'Ogranicznik predkosci', 'Kontrola trakcji', 'Wspomaganie ruszania pod gore- Hill Holder', 'Lampy doswietlajace zakret', 'Swiatla do jazdy dziennej', 'Lampy przeciwmgielne', 'Elektroniczna kontrola cisnienia w oponach', 'Wspomaganie kierownicy', 'Felgi aluminiowe 16', 'ABS', 'ESP', 'Elektroniczny system rozdzialu sily hamowania', 'System wspomagania hamowania', 'Poduszka powietrzna kierowcy', 'Poduszka powietrzna pasazera', 'Kurtyny powietrzne - przod', 'Boczna poduszka powietrzna kierowcy', 'Boczne poduszki powietrzne - przod', 'Isofix (punkty mocowania fotelika dzieciecego)']	['G J', 'Sprzedajacy profesjonalny', 'Bardzo sprawnie odpowiada', 'Sprzedajacy na OTOMOTO od 2009']	OBORNICKA 239 - 60-650 Poznan, Wielkopolskie (Polska)	Volkswagen Beetle 1.2 TSI Design
Firma	Tak	Volkswagen	Beetle	2015	157318	11973	Benzyna	105	Manualna	Na przednie kola	Coupe	2	4	Bialy	Tak	Polska		Tak	Uzywane	VIN	https://www.otomoto.pl/osobowe/oferta/volkswagen-beetle-1-2-tsi-design-salon-pl-ID6Fv5rN.html	49900	Autoryzowany Salon Toyota Mikolajczak/ Lexus Leszno  Volkswagen Beetle Rok produkcji 2015 Data pierwszej rejestracji 2015-09-01 Przebieg 157 318 km  Typ silnika BENZYNA Pojemnosc 1197 ccm  Skrzynia biegow 6 stopniowa manualna Moc 105 KM   Liczba drzwi 2  Wyposazenie  Bezpieczenstwo - ABS - ASR (kontrola trakcji) - Boczne poduszki powietrzne - przod - ESP (stabilizacja toru jazdy) - Isofix - Poduszka powietrzna kierowcy - Poduszka powietrzna pasazera - Poduszki boczne przednie - Swiatla do jazdy dziennej - Swiatla LED  Komfort - Bluetooth - Centralny zamek - Czujniki parkowania przednie - Czujniki parkowania tylne - Elektryczne szyby przednie - Gniazdo USB - Klimatyzacja automatyczna - Klimatyzacja dwustrefowa - Komputer pokladowy - Lusterka boczne ustawiane elektrycznie - MP3 - Tempomat - Wielofunkcyjna kierownica  Inne - Immobilizer - Radio fabryczne - Wspomaganie kierownicy  UWAGA!  Przed przyjazdem prosimy o telefon w celu potwierdzenia oferty!  Oferowana cena pojazdu dotyczy sprzedazy poprzez finansowanie Toyota Leasing/ Toyota Bank zarowno dla osob prywatnych jak i przedsiebiorcow!  Cena przy zakupie za gotowke jest wyzsza o 2.000 PLN   Do kazdego auta posiadamy protokol sprawdzenia auta obejmujacy stan techniczny, wizualny, sciezka diagnostyczna amortyzatory, hamulce i dokladne pomiary miernikiem lakieru.  Kupujacy zwolniony z oplaty PCC 2%, wystawiamy fakture VAT marza.   Istnieje mozliwosc pozostawienia swojego obecnego samochodu w rozliczeniu. Zapraszamy na miejsce w celu dokonania wyceny Panstwa auta.  Mozliwosc kredytowania, leasingowania, atrakcyjne oprocentowanie!  Chcesz kalkulacji? Zadzwon lub napisz na jakich parametrach mamy ja przygotowac. (wplata wlasna, okres, ewentualny wykup)  Platnosc za samochody przyjmujemy tylko w walucie PLN.  Atrakcyjne pakiety ubezpieczeniowe w: PZU, Warta, Allianz, Hestia  Zainteresowanych zapraszamy na ogledziny i jazde probna do Salonu Toyoty w Lesznie.  Solon czynny: Pon-Pt w godzinach 8-18 Sobota w godzinach 8-14 Niedziela nieczynne     Kontakt: Mateusz Nawrocki Tel.Wyswietl numerMail: mateusz.nawrocki@toyocar.pl  Jakub Nowak Tel.Wyswietl numerMail: jakub.nowak@toyocar.pl  Jakub Dyczkowski Tel.Wyswietl numerMail: jakub.dyczkowski@toyocar.pl    Przedstawiona oferta cenowa ma charakter informacyjny i nie stanowi oferty handlowej w rozumieniu art. 66 SS 1 k.c.	['Interfejs Bluetooth', 'Radio', 'Gniazdo USB', 'Klimatyzacja automatyczna, dwustrefowa', 'Kierownica wielofunkcyjna', 'Elektryczne szyby przednie', 'Tempomat', 'Lampy przednie w technologii LED', 'Kontrola odleglosci z przodu (przy parkowaniu)', 'Kontrola odleglosci z tylu (przy parkowaniu)', 'Lusterka boczne ustawiane elektrycznie', 'Kontrola trakcji', 'Swiatla do jazdy dziennej', 'Wspomaganie kierownicy', 'ABS', 'ESP', 'Poduszka powietrzna kierowcy', 'Poduszka powietrzna pasazera', 'Boczne poduszki powietrzne - przod', 'Isofix (punkty mocowania fotelika dzieciecego)']	['TOYOCAR SP. Z O.O. SP. K.', 'Autoryzowany Dealer', 'Bardzo sprawnie odpowiada', 'Sprzedajacy na OTOMOTO od 2005']	Aleje Marszalka Jozefa Pilsudskiego 4 - 64-100 Leszno, Wielkopolskie (Polska)	Volkswagen Beetle
Prywatne	Tak	Volkswagen	Beetle	2014	120000	11973	Benzyna	105	Manualna	Na przednie kola	Kompakt	3	4	Czarny		Francja			Uzywane	VIN	https://www.otomoto.pl/osobowe/oferta/volkswagen-beetle-14r-lift-1-2tsi-105km-120tys-km-alu-parki-przod-tyl-ID6FP3hG.html	39900	14r lift, 1.2tsi, 105KM, 120tys km, alu, czujniki parkowania przod + tyl, czarny sufit. Oc oraz badania wazne do 10.2024rtel:Wyswietl numerWyswietl numerWyposazenieAudio i multimediaInterfejs BluetoothRadioZestaw glosnomowiacyGniazdo USBSystem naglosnieniaEkran dotykowyDostep do internetuKomfort i dodatkiKlimatyzacja manualnaTapicerka materialowaPodlokietniki - przodPodlokietniki - tylKierownica skorzanaDzwignia zmiany biegow wykonczona skoraElektryczne szyby przednieElektryczne szyby tylneSystemy wspomagania kierowcyTempomatKontrola odleglosci z przodu (przy parkowaniu)Kontrola odleglosci z tylu (przy parkowaniu)Podgrzewane lusterka boczneKontrola trakcjiWspomaganie ruszania pod gore- Hill HolderCzujnik zmierzchuSwiatla do jazdy dziennejSwiatla do jazdy dziennej diodowe LEDLampy przeciwmgielneSystem Start/StopWspomaganie kierownicyOsiagi i tuningFelgi aluminiowe 17Opony letnieBezpieczenstwoABSESPSystem wspomagania hamowaniaSystem ostrzegajacy o mozliwej kolizjiSystem chroniacy przed kolizja, tylnyPoduszka powietrzna kierowcyPoduszka powietrzna pasazeraKurtyny powietrzne - przodBoczne poduszki powietrzne - przodIsofix (punkty mocowania fotelika dzieciecego)	['Interfejs Bluetooth', 'Radio', 'Zestaw glosnomowiacy', 'Gniazdo USB', 'System nawigacji satelitarnej', 'System naglosnienia', 'Ekran dotykowy', 'Dostep do internetu', 'Klimatyzacja manualna', 'Tapicerka materialowa', 'Podlokietniki - przod', 'Kierownica skorzana', 'Kierownica wielofunkcyjna', 'Dzwignia zmiany biegow wykonczona skora', 'Czujnik deszczu', 'Elektryczne szyby przednie', 'Elektryczne szyby tylne', 'Wycieraczki', 'Tempomat', 'Kontrola odleglosci z przodu (przy parkowaniu)', 'Kontrola odleglosci z tylu (przy parkowaniu)', 'Podgrzewane lusterka boczne', 'Ogranicznik predkosci', 'Kontrola trakcji', 'Wspomaganie ruszania pod gore- Hill Holder', 'Czujnik zmierzchu', 'Lampy doswietlajace zakret', 'Swiatla do jazdy dziennej', 'Swiatla do jazdy dziennej diodowe LED', 'Lampy przeciwmgielne', 'System Start/Stop', 'Elektroniczna kontrola cisnienia w oponach', 'Wspomaganie kierownicy', 'Felgi aluminiowe 17', 'Opony letnie', 'ABS', 'ESP', 'System wspomagania hamowania', 'Poduszka powietrzna kierowcy', 'Poduszka powietrzna pasazera', 'Kurtyny powietrzne - przod', 'Boczne poduszki powietrzne - przod', 'Isofix (punkty mocowania fotelika dzieciecego)']	['Marek', 'Osoba prywatna', 'Bardzo sprawnie odpowiada', 'Sprzedajacy na OTOMOTO od 2021']	Turek, turecki, Wielkopolskie	Volkswagen Beetle The 1.2 TSI
Prywatne	Tak	Volkswagen	Beetle	2014	108000	13903	Benzyna	160	Manualna	Na przednie kola	Coupe	3		Bialy		Polska	Tak	Tak	Uzywane	VIN	https://www.otomoto.pl/osobowe/oferta/volkswagen-beetle-bezwypadkowy-polski-salon-zadbany-piekny-ID6FO4ZE.html	49500	Sprzedam wspanialy i piekny samochod (technicznie to Golf VII).Z powodu powiekszenia rodziny musze zmienic auto na kombi.t. 5I5*699*422Zalety:- auto jest 100% bezwypadkowe i bezstuczkowe,- niepowtarzalny wyglad (auto jest piekne i ma  ponadczasowy design) + dodatkowo alufelgi 18 , spojler i dodatkowe wskazniki na desce rozdzielczej,- auto z polskiego salonu (wersja oryginalnie na rynek europejski !),- jestem drugim wlascicielem (kupiony w salonie VW),- Beetle jest w bogatej wersji - bardzo dobrze wyposazony,- autko bardzo zadbane, wyglada prawie jak nowe,- orginalny przebieg 107 tys km (jezdze niewiele, okolo 12 tys km rocznie), - przeglad w maju + wymienione plyny, filtry i nabita klima,- 160 KM (auto dynamiczne),- oczywiscie garazowany.Wady:- auto nie ma tylnich drzwi, a na tylnich fotelach wygodnie bedzie osobom ponizej 180 cm wzrostu,- auto jest czteroosobowe,- drobne slady uzytkowania na lakierze, widoczne tylko jak czlowiek sie bardzo przyglada.	['Radio', 'System nawigacji satelitarnej', 'System naglosnienia', 'Ekran dotykowy', 'Klimatyzacja automatyczna, dwustrefowa', 'Regul. elektr. podparcia ledzwiowego - kierowca', 'Regul. elektr. podparcia ledzwiowego - pasazer', 'Podlokietniki - przod', 'Kierownica skorzana', 'Kierownica ze sterowaniem radia', 'Kierownica wielofunkcyjna', 'Dzwignia zmiany biegow wykonczona skora', 'Elektryczne szyby przednie', 'Tempomat', 'Kontrola odleglosci z przodu (przy parkowaniu)', 'Kontrola odleglosci z tylu (przy parkowaniu)', 'Lusterka boczne ustawiane elektrycznie', 'Lampy doswietlajace zakret', 'Swiatla do jazdy dziennej diodowe LED', 'Lampy przeciwmgielne', 'Felgi aluminiowe 18', 'Opony letnie', 'ABS', 'ESP', 'Poduszka powietrzna kierowcy', 'Poduszka powietrzna pasazera', 'Isofix (punkty mocowania fotelika dzieciecego)']	['Dominik', 'Osoba prywatna', 'Sprzedajacy na OTOMOTO od 2023']	Warszawa, Wawer	Volkswagen Beetle
Prywatne	Tak	Volkswagen	Beetle	2012	152000	15983	Diesel	105	Manualna	Na przednie kola	Kompakt	3		Zloty					Uzywane	VIN	https://www.otomoto.pl/osobowe/oferta/volkswagen-beetle-ID6FWCQ9.html	44900	"Dzien dobry,Na sprzedaz bardzo dobrze wyposazony, zadbany i czysty VW Beetle 1.6 Diesel.Auto w moim posiadaniu od prawie dwoch lat. Pieknie sie prezentuje, zwraca na siebie duzo uwagi. Autko zadbane, regularnie serwisowane, po wymianie rozrzadu. Wyjatkowa konfiguracja srodka:- piekne skorzane fotele- czarno popielate- kierownica wielofunkcyjna- duzy ekran dotykowy/panel sterowania- sensory parkowania przod i tyl- skorzana kierownica- sensor deszczu- podgrzewane siedzenia- ustawienia fotela w odcinku ledzwiowym- elektrycznie ustawiane lusterka- przyciemniane szyby- elektrycznie otwierane szyby- elektrycznie ustawiane lusterka- klimatyzacja- tempomat- lampy doswietlajace zekret- lampy LED do jazdy dziennej- felgi 17""- gniazdo USBSprzedaz prywatna, wiecej informacji pod numeremWyswietl numer.Zapraszam."	['Radio', 'Gniazdo USB', 'System naglosnienia', 'Ekran dotykowy', 'Sterowanie funkcjami pojazdu za pomoca glosu', 'Klimatyzacja manualna', 'Tapicerka skorzana', 'Podgrzewany fotel kierowcy', 'Podgrzewany fotel pasazera', 'Podlokietniki - przod', 'Kierownica skorzana', 'Czujnik deszczu', 'Wycieraczki', 'Lampy doswietlajace zakret', 'Wspomaganie kierownicy', 'Felgi aluminiowe 17', 'ABS', 'ESP', 'Poduszka powietrzna kierowcy', 'Poduszka powietrzna pasazera']	['Dominika', 'Osoba prywatna', 'Sprzedajacy na OTOMOTO od 2014']	Wroclaw, Psie Pole	Volkswagen Beetle
Prywatne	Tak	Volkswagen	Beetle	2012	117000	15983	Diesel	105	Manualna	Na przednie kola	Coupe	2		Czarny					Uzywane	VIN	https://www.otomoto.pl/osobowe/oferta/volkswagen-beetle-beetle-2012-ID6FU6pD.html	39999	Sprzedam Volkswagen beetle 2012r 1.6tdi 105KMPelne wyposazenie Niski przebieg Pelen serwisStan idealny Ceramica polozona Czarna perlaNowe oponySwiatla led xenonBogata wersja	['Radio', 'Klimatyzacja automatyczna', 'Tapicerka materialowa', 'Podlokietniki - przod', 'Kierownica skorzana', 'Dzwignia zmiany biegow wykonczona skora', 'Elektryczne szyby przednie', 'Tempomat', 'Lusterka boczne ustawiane elektrycznie', 'Podgrzewane lusterka boczne', 'Kontrola trakcji', 'Wspomaganie ruszania pod gore- Hill Holder', 'Lampy doswietlajace zakret', 'Swiatla do jazdy dziennej', 'Lampy przeciwmgielne', 'Wspomaganie kierownicy', 'Felgi aluminiowe 16', 'ABS', 'ESP', 'Elektroniczny system rozdzialu sily hamowania', 'Poduszka powietrzna kierowcy', 'Poduszka powietrzna pasazera', 'Boczna poduszka powietrzna kierowcy', 'Boczne poduszki powietrzne - przod', 'Isofix (punkty mocowania fotelika dzieciecego)']	['slawek', 'Osoba prywatna', 'Sprzedajacy na OTOMOTO od 2014']	Kolo, kolski, Wielkopolskie	Volkswagen Beetle 1.6 TDI Design
Prywatne	Tak	Volkswagen	Beetle	2013	129800	15983	Diesel	105	Manualna	Na przednie kola	Auta miejskie	3	4	Brazowy		Niemcy	Tak		Uzywane	VIN	https://www.otomoto.pl/osobowe/oferta/volkswagen-beetle-beetle-kafer-stan-idealny-bez-wkladu-finansowego-ID6FcZLp.html	49999	PERELKA Beetle (Kafer), milosc od pierwszego wejrzenia, moje oczko w glowie. Auto dlugo poszukiwane, wymarzone, niestety musze go z bolem serca sprzedac, bo pojawilo sie auto sluzbowe. Stan idealny bez wkladu finansowego.W rzeczywistosci lepiej wyglada niz na zdjeciach.Serwisowane na biezaco ( pelny serwis olejowy 09.2023 przy p 129 500 km.   )Wymieniony rozrzad przy 116 600 km.Spalanie poza miastem 4-5 L na 100 km miasto 5-6 L na 100 km Przeglad techniczny do 02.05.2024OC do 13.05.2024VIN :  WVWZZZ16ZDM683695Cena do rozsadnej negocjacji ! ! !Agnieszka tel :Wyswietl numerPozostalych informacji udzieli maz  pod nr. tel:Wyswietl numer	['Interfejs Bluetooth', 'Radio', 'Zestaw glosnomowiacy', 'System naglosnienia', 'Klimatyzacja automatyczna, dwustrefowa', 'Tapicerka materialowa', 'Podgrzewany fotel kierowcy', 'Podgrzewany fotel pasazera', 'Podlokietniki - przod', 'Kierownica skorzana', 'Dzwignia zmiany biegow wykonczona skora', 'Elektryczne szyby przednie', 'Wycieraczki', 'Kontrola odleglosci z przodu (przy parkowaniu)', 'Kontrola odleglosci z tylu (przy parkowaniu)', 'Lusterka boczne ustawiane elektrycznie', 'Podgrzewane lusterka boczne', 'Ogranicznik predkosci', 'Kontrola trakcji', 'Wspomaganie ruszania pod gore- Hill Holder', 'Lampy doswietlajace zakret', 'Swiatla do jazdy dziennej', 'Lampy przeciwmgielne', 'Lampy tylne w technologii LED', 'System Start/Stop', 'Elektroniczna kontrola cisnienia w oponach', 'Wspomaganie kierownicy', 'Filtr czastek stalych', 'Felgi aluminiowe 16', 'Opony wielosezonowe', 'ABS', 'ESP', 'System wspomagania hamowania', 'Poduszka powietrzna kierowcy', 'Poduszka powietrzna pasazera', 'Kurtyny powietrzne - przod', 'Boczne poduszki powietrzne - przod', 'Isofix (punkty mocowania fotelika dzieciecego)']	['Zimnyvaradero', 'Osoba prywatna', 'Sprzedajacy na OTOMOTO od 2017']	Zabki, wolominski, Mazowieckie	Volkswagen Beetle The 1.6 TDI DPF
Prywatne	Tak	Volkswagen	Beetle	2013	99000	13903	Benzyna	160	Manualna	Na przednie kola	Coupe	2		Bialy					Uzywane	VIN	https://www.otomoto.pl/osobowe/oferta/volkswagen-beetle-volkswagen-beetle-1-4-tsi-sport-160-km-ID6FRt31.html	40999	WitamDo sprzedania Volkswagen Beetle 1.4 TSI Sport 160 KM, z dosc dynamicznym i ekonomicznym silnikiem. Samochod garazowany w ciaglej eksploatacji . Samochod bardzo zadbany eksploatowany byl przez kobiete.Wyposazenie bogate wersja Sport, , tapicerka samochodowa welurowa, multifunkcyjna kierownica  obszyta skora , czujniki parkowania z przodu i z tylu , szyby bez ramkowe Silnik , skrzynia biegow , zawieszenie w bardzo dobrym stanie. Samochod posiada aluminiowe felgi oraz opony na zime .Przeglad wykonany sierpniu Ubezpieczenie aktualneWiecej informacji udziele telefonicznie	['Radio', 'Klimatyzacja automatyczna', 'Tapicerka materialowa', 'Sportowe fotele - przod', 'Podlokietniki - przod', 'Kierownica skorzana', 'Kierownica wielofunkcyjna', 'Zmiana biegow w kierownicy', 'Dzwignia zmiany biegow wykonczona skora', 'Elektryczne szyby przednie', 'Tempomat', 'Lampy bi-ksenonowe', 'Kontrola odleglosci z przodu (przy parkowaniu)', 'Kontrola odleglosci z tylu (przy parkowaniu)', 'Lusterka boczne ustawiane elektrycznie', 'Podgrzewane lusterka boczne', 'Kontrola trakcji', 'Wspomaganie ruszania pod gore- Hill Holder', 'Spryskiwacze reflektorow', 'Lampy doswietlajace zakret', 'Swiatla do jazdy dziennej', 'Swiatla do jazdy dziennej diodowe LED', 'Lampy przeciwmgielne', 'Elektroniczna kontrola cisnienia w oponach', 'Wspomaganie kierownicy', 'Blokada mechanizmu roznicowego', 'Felgi aluminiowe 18', 'ABS', 'ESP', 'Elektroniczny system rozdzialu sily hamowania', 'Poduszka powietrzna kierowcy', 'Poduszka powietrzna pasazera', 'Boczna poduszka powietrzna kierowcy', 'Boczne poduszki powietrzne - przod', 'Isofix (punkty mocowania fotelika dzieciecego)']	['Grzegorz', 'Osoba prywatna', 'Bardzo sprawnie odpowiada', 'Sprzedajacy na OTOMOTO od 2019']	Wroclaw, Krzyki	Volkswagen Beetle 1.4 TSI Sport
Prywatne	Tak	Volkswagen	Beetle	2013	229000	13903	Benzyna	160	Automatyczna	Na przednie kola	Kabriolet	2	4	Czarny		Niemcy		Tak	Uzywane	VIN	https://www.otomoto.pl/osobowe/oferta/volkswagen-beetle-cabriolet-50s-1-4-tsi-160km-dsg-xenon-navi-skora-europa-ID6FWdtc.html	37800	Volkswagen Beetle Cabriolet Wersja 50s inspirowana latami 50-tymi.Silnik 1.4 tsi 160KM z automatyczna skrzynia DSGAuto z rynku niemieckiego, wersja europejska.Przebieg 229000 - oryginalny, wpisuje na fakturze.Wyposazenie samochodu bardzo bogate.Wyposazenie sprawne - klimatyzacja, elektrycznie skladany dach itd.Silnik, skrzynia pracuja prawidlowo.Wizualnie:drzwi kierowcy, blotnik tylny, nadkole i prog do poprawek lakierniczych.Peknieta lampa tylnaDo auta kompletna dokumentacja + dwa kluczeW razie pytan zachecam do kontaktu telefonicznego.	['Interfejs Bluetooth', 'Radio', 'Zestaw glosnomowiacy', 'Gniazdo USB', 'System nawigacji satelitarnej', 'Ekran dotykowy', 'Klimatyzacja automatyczna, dwustrefowa', 'Dach materialowy', 'Tapicerka skorzana', 'Podgrzewany fotel kierowcy', 'Podgrzewany fotel pasazera', 'Sportowe fotele - przod', 'Podlokietniki - przod', 'Kierownica skorzana', 'Kierownica sportowa', 'Kierownica ze sterowaniem radia', 'Kierownica wielofunkcyjna', 'Dzwignia zmiany biegow wykonczona skora', 'Keyless Go', 'Czujnik deszczu', 'Elektryczne szyby przednie', 'Elektryczne szyby tylne', 'Dach otwierany elektrycznie', 'Tempomat', 'Lampy bi-ksenonowe', 'Kontrola odleglosci z przodu (przy parkowaniu)', 'Kontrola odleglosci z tylu (przy parkowaniu)', 'Lusterka boczne ustawiane elektrycznie', 'Podgrzewane lusterka boczne', 'Kontrola trakcji', 'Czujnik zmierzchu', 'Lampy doswietlajace zakret', 'Swiatla do jazdy dziennej', 'Swiatla do jazdy dziennej diodowe LED', 'Lampy przeciwmgielne', 'Lampy tylne w technologii LED', 'Oswietlenie drogi do domu', 'Oswietlenie wnetrza LED', 'Elektroniczna kontrola cisnienia w oponach', 'Wspomaganie kierownicy', 'ABS', 'ESP', 'System wspomagania hamowania', 'Poduszka powietrzna kierowcy', 'Poduszka powietrzna pasazera', 'Kurtyny powietrzne - przod', 'Boczne poduszki powietrzne - przod', 'Isofix (punkty mocowania fotelika dzieciecego)', 'System zabezpieczajacy podczas dachowania']	['Piotr', 'Osoba prywatna', 'Bardzo sprawnie odpowiada', 'Sprzedajacy na OTOMOTO od 2021']	Nowa Sol, nowosolski, Lubuskie	Volkswagen Beetle The Cabriolet 1.4 TSI DSG 50s
Prywatne	Tak	Volkswagen	Beetle	2012	143000	13903	Benzyna	160	Manualna	Na przednie kola	Kompakt	3	4	Bialy		Polska	Tak	Tak	Uzywane	VIN	https://www.otomoto.pl/osobowe/oferta/volkswagen-beetle-volkswagen-beatle-salon-polska-160km-fakt-vat-mozliwa-zamiana-ID6FcQTY.html	41900	Wlasciciel sprzeda samochod VW Beatle z polskiego salonu. Rok produkcji 2012, pojemnosc silnika 1,4 benzyna o mocy 160 koni, skrzynia biegow manualna 6-cio biegowa. Samochod jest bezwypadkowy, bezkolizyjny w oryginalnym lakierze, posiada oryginalny przebieg potwierdzony ksiazka serwisowa.Beatle jest w bardzo dobrym stanie technicznym jak i wizualnym, posiada bogate wyposazenie m.in.- reflektory bixenon- czujniki parkowania przod i tyl- swiatla led do jazdy dziennej- climatronic 2-strefowy- tempomat- ekran dotykowy- zestaw glosnomowiacy- skorzana kierownica wielofunkcyjna - oryginalne felgi + dwa komplety opon (lato, zima)- listwy chromowe- podgrzewane fotele przednie.- Ogloszenie prywatne.Cena 41900 brutto fakt. VATWyswietl numer	['Interfejs Bluetooth', 'Radio', 'Zestaw glosnomowiacy', 'System nawigacji satelitarnej', 'Ekran dotykowy', 'Klimatyzacja automatyczna, dwustrefowa', 'Tapicerka czesciowo skorzana', 'Podgrzewany fotel kierowcy', 'Podgrzewany fotel pasazera', 'Sportowe fotele - przod', 'Kierownica skorzana', 'Kierownica ze sterowaniem radia', 'Kierownica wielofunkcyjna', 'Dzwignia zmiany biegow wykonczona skora', 'Czujnik deszczu', 'Elektryczne szyby przednie', 'Lampy bi-ksenonowe', 'Kontrola odleglosci z przodu (przy parkowaniu)', 'Kontrola odleglosci z tylu (przy parkowaniu)', 'Podgrzewane lusterka boczne', 'Lusterka boczne skladane elektrycznie', 'Kontrola trakcji', 'Czujnik zmierzchu', 'Lampy doswietlajace zakret', 'Swiatla do jazdy dziennej', 'Lampy przeciwmgielne', 'Felgi aluminiowe 18', 'ABS', 'ESP', 'System wspomagania hamowania', 'Poduszka powietrzna kierowcy', 'Poduszka powietrzna pasazera', 'Kurtyny powietrzne - przod', 'Boczne poduszki powietrzne - przod', 'Isofix (punkty mocowania fotelika dzieciecego)']	['Milena', 'Osoba prywatna', 'Sprzedajacy na OTOMOTO od 2018']	Plock, Mazowieckie	Volkswagen Beetle
Prywatne	Tak	Volkswagen	Beetle	2012	167000	15983	Diesel	105	Manualna		Auta miejskie	2	4	Czarny				Tak	Uzywane	VIN	https://www.otomoto.pl/osobowe/oferta/volkswagen-beetle-beetle-coccineele-ID6FmFNJ.html	38000	Witam. Auto w stanie  Bardzo dobrym z bogatym wyposazeniem samochod bardzo oszczedny silnik pracuje cicho i rowno. Karoseria tapicerka zadbane Technicznie auto jedzie bardzo dobrze pelna dokumentacje potwierdzajaca przebieg oraz pochodzenie. AUTO UZYTKOWANE PRZEZ KOBIETE  # Pierwsza rejestracja to 2013 # Pojemnosc 1598cm3 105KM Diesel# Przebieg : 167 000Oplaty wazne Nowe opony W tym roku wymienione turbo i Dpf Swiezo po serwisie olejowo filtrowym  klocki tyl i przod nowe Swiatla do jazdy dziennej - xenon led z doswietlaniem zakretow	['Radio', 'Klimatyzacja automatyczna', 'Tapicerka materialowa', 'Podlokietniki - przod', 'Kierownica sportowa', 'Elektryczne szyby przednie', 'Tempomat', 'Lusterka boczne ustawiane elektrycznie', 'Podgrzewane lusterka boczne', 'Kontrola trakcji', 'Wspomaganie ruszania pod gore- Hill Holder', 'Swiatla do jazdy dziennej', 'Wspomaganie kierownicy', 'Filtr czastek stalych', 'Felgi stalowe', 'ABS', 'ESP', 'Elektroniczny system rozdzialu sily hamowania', 'Poduszka powietrzna kierowcy', 'Poduszka powietrzna pasazera', 'Boczna poduszka powietrzna kierowcy', 'Boczne poduszki powietrzne - przod', 'Isofix (punkty mocowania fotelika dzieciecego)']	['Marek', 'Osoba prywatna', 'Sprzedajacy na OTOMOTO od 2014']	Pila, pilski, Wielkopolskie	Volkswagen Beetle 1.6 TDI
Prywatne	Tak	Volkswagen	Beetle	2012	239600	24803	Benzyna	170	Automatyczna	Na przednie kola	Coupe	2	4	Bialy					Uzywane	VIN	https://www.otomoto.pl/osobowe/oferta/volkswagen-beetle-volkswagen-ID6FWhzW.html	32000	SPRZEDAM VOLKSWAGEN NEW BEETLE W BARDZO DOBRYM STANIE,AUTO IMPORTOWANE,DROBNE SLADY UZYTKOWANIA,ZMIENIONE SWIATLA TYL. GODNE POLECENIA	['Interfejs Bluetooth', 'Radio', 'Zestaw glosnomowiacy', 'Gniazdo USB', 'Klimatyzacja automatyczna', 'Podgrzewany fotel kierowcy', 'Podgrzewany fotel pasazera', 'Kierownica skorzana', 'Keyless Go', 'Elektryczne szyby przednie', 'Tempomat', 'Lusterka boczne ustawiane elektrycznie', 'Podgrzewane lusterka boczne', 'Kontrola trakcji', 'Swiatla do jazdy dziennej', 'Elektroniczna kontrola cisnienia w oponach', 'Wspomaganie kierownicy', 'ABS', 'ESP', 'Elektroniczny system rozdzialu sily hamowania', 'System wspomagania hamowania', 'Poduszka powietrzna kierowcy', 'Poduszka powietrzna pasazera', 'Kurtyny powietrzne - przod', 'Boczna poduszka powietrzna kierowcy', 'Boczne poduszki powietrzne - przod', 'Isofix (punkty mocowania fotelika dzieciecego)']	['Jacek Parafiniuk', 'Osoba prywatna', 'Sprzedajacy na OTOMOTO od 2018']	Warszawa, Wawer	Volkswagen Beetle 2.5
Prywatne	Tak	Volkswagen	Beetle	2012	120000	11973	Benzyna	105	Manualna	Na przednie kola	Kompakt	3	4	Bialy		Niemcy	Tak	Tak	Uzywane	VIN	https://www.otomoto.pl/osobowe/oferta/volkswagen-beetle-nawigacja-klimatronic-czujniki-parkow-tempomat-zadbany-bezwypadkowy-ID6FXczK.html	40900	Samochod w bardzo dobrym stanie technicznym oraz wizualnymWnetrze czysciutkie, zadbane,Silnik pracuje perfekcyjnie, swiezo po wymianie oleju oraz filtrow, olej z gornej polki MOTULZarejestrowany, wazne OC, oraz Przeglad TechnicznyTelWyswietl numer, TychyWyposazenie:6-cio stopniowa manualna skrzynia biegowABS, ESP, ASRAir- Bagi - Kurtyny powietrzne- Poduszka powietrzna kierowcy- Poduszka powietrzna pasazera- Poduszki boczneNawigacja GPSCzujniki parkowania przod, tylKLIMATRONIC Klimatyzacja automatyczna dwustronnaTempomatElektryczne szyby Elektryczne lusterka podgrzewaneKierownica pokryta skoraKierownica wielofunkcyjnaRadio CD sterowane przy kierownicyBluetoothKomputer pokladowyRegulacja wysokosci fotela kierowcy i pasazeraISOFIXYWspomaganie kierownicyHalogeny przodKola AluFelgi 18 cali	['Android Auto', 'Interfejs Bluetooth', 'Radio', 'Zestaw glosnomowiacy', 'Gniazdo USB', 'System nawigacji satelitarnej', 'System naglosnienia', 'Ekran dotykowy', 'Dostep do internetu', 'Klimatyzacja automatyczna, dwustrefowa', 'Tapicerka materialowa', 'Podlokietniki - przod', 'Kierownica skorzana', 'Kierownica ze sterowaniem radia', 'Kierownica wielofunkcyjna', 'Dzwignia zmiany biegow wykonczona skora', 'Czujnik deszczu', 'Elektryczne szyby przednie', 'Tempomat', 'Kontrola odleglosci z przodu (przy parkowaniu)', 'Kontrola odleglosci z tylu (przy parkowaniu)', 'Lusterka boczne ustawiane elektrycznie', 'Podgrzewane lusterka boczne', 'Ogranicznik predkosci', 'Asystent hamowania - Brake Assist', 'Kontrola trakcji', 'Wspomaganie ruszania pod gore- Hill Holder', 'System rozpoznawania znakow drogowych', 'Swiatla do jazdy dziennej', 'Lampy przeciwmgielne', 'Wspomaganie kierownicy', 'Filtr czastek stalych', 'Felgi aluminiowe 18', 'Opony letnie', 'ABS', 'ESP', 'Elektroniczny system rozdzialu sily hamowania', 'System wspomagania hamowania', 'Poduszka powietrzna kierowcy', 'Poduszka powietrzna pasazera', 'Kurtyny powietrzne - przod', 'Boczne poduszki powietrzne - przod', 'Kurtyny powietrzne - tyl', 'Isofix (punkty mocowania fotelika dzieciecego)']	['Agnieszka', 'Osoba prywatna', 'Sprzedajacy na OTOMOTO od 2023']	Tychy, Slaskie	Volkswagen Beetle The 1.2 TSI Blue Motion Technologie
Prywatne	Tak	Volkswagen	Beetle	2013	163000	15983	Diesel	105	Manualna	Na tylne kola	Coupe	2		Bialy			Tak	Tak	Uzywane	VIN	https://www.otomoto.pl/osobowe/oferta/volkswagen-beetle-r-line-1-6-tdi-105ps-ceramika-komplet-opon-doinwestowany-ID6FTysm.html	49900	Witam. Mam do zaoferowania pieknego VW New Beetle wersji R-line. Pierwsza rejestracja w 2014r. 100% powloka lakiernicza oryginalna. Auto w stanie perfekcyjnym. Doinwestowane po wymianie rozrzadu, tarcze, klocki hamulcowe. Dodatkowo dokladam komplet opon zimowych. Vw zabezpieczony ceramika. Auto nie wymaga wkladu finansowego. Stan techniczny i wizualny oceniam na perfekcyjny!!! Uzytkowane przez jednego uzytkownika. Silnik suchy i bez najmniejszych wyciekow, pracuje bardzo ladnie i cichutko. AUTO NAPRAWDE GODNE UWAGI!!!Telefon:Wyswietl numer	['Radio', 'Zestaw glosnomowiacy', 'System naglosnienia', 'Klimatyzacja automatyczna', 'Szyberdach szklany - przesuwny i uchylny elektrycz', 'Tapicerka materialowa', 'Elektrycznie ustawiany fotel kierowcy', 'Elektrycznie ustawiany fotel pasazera', 'Podgrzewany fotel kierowcy', 'Podgrzewany fotel pasazera', 'Siedzenie z pamiecia ustawienia', 'Sportowe fotele - przod', 'Podlokietniki - przod', 'Podlokietniki - tyl', 'Kierownica skorzana', 'Kierownica sportowa', 'Kierownica wielofunkcyjna', 'Cyfrowy kluczyk', 'Czujnik deszczu', 'Elektryczne szyby przednie', 'Elektryczne szyby tylne', 'Przyciemniane tylne szyby', 'Wycieraczki', 'Tempomat', 'Lampy bi-ksenonowe', 'Lusterka boczne ustawiane elektrycznie', 'Podgrzewane lusterka boczne', 'Asystent (czujnik) martwego pola', 'Kontrola trakcji', 'Oswietlenie adaptacyjne', 'Czujnik zmierzchu', 'Spryskiwacze reflektorow', 'Swiatla do jazdy dziennej', 'Swiatla do jazdy dziennej diodowe LED', 'Lampy przeciwmgielne', 'Oswietlenie wnetrza LED', 'System Start/Stop', 'Elektroniczna kontrola cisnienia w oponach', 'Wspomaganie kierownicy', 'Opony runflat', 'ABS', 'ESP', 'Poduszka powietrzna kierowcy', 'Poduszka powietrzna pasazera', 'Boczna poduszka powietrzna kierowcy', 'Boczne poduszki powietrzne - przod', 'Isofix (punkty mocowania fotelika dzieciecego)']	['VW', 'Osoba prywatna', 'Bardzo sprawnie odpowiada', 'Sprzedajacy na OTOMOTO od 2023']	Nagoszewo, ostrowski, Mazowieckie	Volkswagen Beetle 1.6 TDI Design
Firma	Tak	Volkswagen	Beetle	2012	151336	13903	Benzyna	160	Manualna	Na przednie kola	Coupe	2	4	Czarny	Tak		Tak		Uzywane	VIN	https://www.otomoto.pl/osobowe/oferta/volkswagen-beetle-klimatronik-alufelgi-17-gwarancja-6-m-ID6FXbdC.html	39900	GWARANCJA NA 6 miesiecy W CENIE SAMOCHODU - o szczegoly pytaj Sprzedawce.CENA ZAWIERA WSZYSTKIE KOSZTY DO MOMENTU REJESTRACJI W KRAJU.KUPUJACY ZWOLNIONY Z OPLATY SKARBOWEJ.MOZLIWE TABLICE I UBEZPIECZENIE.BEZ KOROZJI - SAMOCHOD NIE EKSPLOATOWANY W WARUNKACH ZIMOWYCH.GWARANTOWANY PRZEBIEG.KOMPLET KLUCZYKOW.KSIAZKA SERWISOWA.Stan techniczny jest BARDZO DOBRY.WNETRZE ZADBANE, CZYSTE.Kupujac samochod w Firmie Auto Baks otrzymujecie Panstwo komplet dokumentow wymaganych do rejestracji auta czyli:-Oryginalne dokumenty samochodu-Tlumaczenia-Oplacona Akcyze-FAKTURE VAT MARZA.-Ubezpieczenie OC (+60 zl na 30 dni).Istnieje mozliwosc sprawdzenia samochodu na stacji diagnostycznej lub w ASO.*** NAJTANSZY KREDYT NA RYNKU - skorzystaj z zakupu na RATY ! ****** ZADZWON I ZAPYTAJ O KREDYT***Cena zawiera wszystkie koszty do momentu rejestracji w kraju (+260 zl)Zapraszamy !Powyzsza oferta ma charakter informacyjny i nie stanowi oferty handlowej w rozumieniu art. 66 SS1 Kodeksu Cywilnego.	['Interfejs Bluetooth', 'Radio', 'Ekran dotykowy', 'Klimatyzacja automatyczna, dwustrefowa', 'Tapicerka materialowa', 'Sportowe fotele - przod', 'Podlokietniki - przod', 'Kierownica skorzana', 'Kierownica ze sterowaniem radia', 'Kierownica wielofunkcyjna', 'Zmiana biegow w kierownicy', 'Dzwignia zmiany biegow wykonczona skora', 'Elektryczne szyby przednie', 'Przyciemniane tylne szyby', 'Wycieraczki', 'Tempomat', 'Kontrola odleglosci z przodu (przy parkowaniu)', 'Kontrola odleglosci z tylu (przy parkowaniu)', 'Lusterka boczne ustawiane elektrycznie', 'Podgrzewane lusterka boczne', 'Kontrola trakcji', 'Wspomaganie ruszania pod gore- Hill Holder', 'Lampy doswietlajace zakret', 'Swiatla do jazdy dziennej', 'Lampy przeciwmgielne', 'Elektroniczna kontrola cisnienia w oponach', 'Wspomaganie kierownicy', 'Blokada mechanizmu roznicowego', 'Felgi aluminiowe 17', 'ABS', 'ESP', 'Elektroniczny system rozdzialu sily hamowania', 'Poduszka powietrzna kierowcy', 'Poduszka powietrzna pasazera', 'Boczna poduszka powietrzna kierowcy', 'Boczne poduszki powietrzne - przod', 'Isofix (punkty mocowania fotelika dzieciecego)']	['Auto Baks Sprzedaz Samochodow Uzywanych Z GWARANCJA', 'Sprzedajacy profesjonalny', 'Bardzo sprawnie odpowiada', 'Sprzedajacy na OTOMOTO od 2008']	ROZANSKIEGO 29-35 - 32-085 Modlniczka, krakowski, Malopolskie (Polska)	Volkswagen Beetle 1.4 TSI Sport
Prywatne	Tak	Volkswagen	Beetle	2012	177000	11973	Benzyna	105	Manualna		Auta male	2	4	Czarny		Niemcy	Tak		Uzywane	VIN	https://www.otomoto.pl/osobowe/oferta/volkswagen-beetle-vw-beetle-1-2-tsi-design-ID6FFfi7.html	35000	VW Garbus w bardzo dobrym stanie. Technicznie jak i mechanicznie sprawnie. Ponizej kilka wyroznien jesli chodzi o wyposazenie/samochod:- Bezwypadkowy- Wazny Przeglad- Ksiazka Serwisowa od poczatku uzupelniona- Tempomat- Czujki Parkowania Przod i Tyl- Oryginalne VW Alufelgi juz na oponach Zimowych.Mozliwosc sprawdzenia Samochodu na Stacji Diagnostycznej.Udostepniam Miernik grubosci Lakieru jak i Raport VIN.Zapraszam na jazde probna.Mozliwy Transport pod adres Kupujacego.	['Radio', 'Gniazdo USB', 'Klimatyzacja automatyczna, dwustrefowa', 'Tapicerka materialowa', 'Podgrzewany fotel kierowcy', 'Podgrzewany fotel pasazera', 'Podlokietniki - przod', 'Podlokietniki - tyl', 'Kierownica skorzana', 'Podgrzewana przednia szyba', 'Elektryczne szyby przednie', 'Tempomat', 'Kontrola odleglosci z przodu (przy parkowaniu)', 'Kontrola odleglosci z tylu (przy parkowaniu)', 'Lusterka boczne ustawiane elektrycznie', 'Swiatla do jazdy dziennej', 'Felgi aluminiowe 16']	['Damian', 'Osoba prywatna', 'Sprzedajacy na OTOMOTO od 2022']	Lebork, leborski, Pomorskie	Volkswagen Beetle 1.2 TSI Design
Prywatne	Tak	Volkswagen	Beetle	2012	123358	13903	Benzyna	160	Manualna	Na przednie kola	Coupe	2	4	Brazowy		Niemcy	Tak	Tak	Uzywane	VIN	https://www.otomoto.pl/osobowe/oferta/volkswagen-beetle-123000km-sportline-jak-nowy-ID6FTsm7.html	42900	VW  BEETLE  SPORTLINEMODEL 2013AUTO JUZ ZAREJESTROWANE W POLSCE rok produkcji  2012 GRUDZIEN pojemnosc  1,4 TSI  160 KM benzynamanualna skrzynia 6 cio biegowareflektory BI XENON swiatla LED do jazdy dziennejczujnik deszczufotochromatyczne lusterko wstecznedwustrefowa klimatyzacja CLIMATRONICkubelkowe podgrzewane foteleczarna podsufitkamuzyka i telefon przez BLUETOOTHdotykowa stacja multimedialna SD USB HDD DVD + 8 glosnikowzmieniarka na 6 plyt CDskorzana kierownicakomputer pokladowy z Polskim  menutempomatelektrycznie regulowane i   podgrzewane   lusterkaelektryczne szyby podswietlenie wnetrza  AMBIENT8 poduszek powietrznych (kurtyny powietrzne)ABS,ASR,ESP-kontrola trakcji ze stabilizacja toru jazdy  HILL HOLD asystent podjazdu pod wzniesienieczujniki parkowania PARCTRONIC z wizualizacja przod i tyl halogeny z funkcja doswietlania zakretow             aluminiowe felgi 17 calowekompletna dokumentacja  serwisowa i komplet kluczykowAUTO PO DUUUZYM SERWISIE-nowy kompletny rozrzad-nowy akumulator-wymieniony olej +filtry-wymienione swiece-klimatyzacja po serwisie-opony UNIROYAL w stanie idealnymSPROWADZONY Z NIEMIECDRUGI WLASCICIEL OD NOWOSCIOPLACONY,GOTOWY DO REJESTRACJIKOSZT ZAREJESTROWANIA 161 ZLOC NA 30 DNI W CENIE AUTAORYGINALNY PRZEBIEG  123000 kmBEZWYPADKOWYWYSTAWIAM FAKTURE VAT MARZAOGLADAJACYCH Z OLX ZAPRASZAM PO WIECEJ ZDJEC NA OTOMOTO	['Interfejs Bluetooth', 'Radio', 'Zestaw glosnomowiacy', 'Gniazdo USB', 'Ekran dotykowy', 'Klimatyzacja automatyczna, dwustrefowa', 'Tapicerka materialowa', 'Podgrzewany fotel kierowcy', 'Podgrzewany fotel pasazera', 'Sportowe fotele - przod', 'Podlokietniki - przod', 'Kierownica skorzana', 'Kierownica sportowa', 'Zmiana biegow w kierownicy', 'Dzwignia zmiany biegow wykonczona skora', 'Elektryczne szyby przednie', 'Tempomat', 'Lampy bi-ksenonowe', 'Kontrola odleglosci z przodu (przy parkowaniu)', 'Kontrola odleglosci z tylu (przy parkowaniu)', 'Lusterka boczne ustawiane elektrycznie', 'Podgrzewane lusterka boczne', 'Kontrola trakcji', 'Wspomaganie ruszania pod gore- Hill Holder', 'Czujnik zmierzchu', 'Lampy doswietlajace zakret', 'Swiatla do jazdy dziennej', 'Swiatla do jazdy dziennej diodowe LED', 'Lampy przeciwmgielne', 'Lampy przeciwmgielne w technologii LED', 'Elektroniczna kontrola cisnienia w oponach', 'Wspomaganie kierownicy', 'Blokada mechanizmu roznicowego', 'Felgi aluminiowe 17', 'Opony letnie', 'ABS', 'ESP', 'Elektroniczny system rozdzialu sily hamowania', 'Poduszka powietrzna kierowcy', 'Poduszka powietrzna pasazera', 'Boczna poduszka powietrzna kierowcy', 'Boczne poduszki powietrzne - przod', 'Isofix (punkty mocowania fotelika dzieciecego)']	['Karol', 'Osoba prywatna', 'Sprzedajacy na OTOMOTO od 2020']	Suwalki, Podlaskie	Volkswagen Beetle 1.4 TSI Sport
Firma	Tak	Volkswagen	Beetle	2015	92000	17983	Benzyna	180	Automatyczna	Na przednie kola	Coupe	3	5	Czerwony					Uzywane	VIN	https://www.otomoto.pl/osobowe/oferta/volkswagen-beetle-r-line-1-8-tsi-dsg-super-stan-mod-2015-ID6FX9WG.html	49900	Betle 1.8 tsi z dsg BETLE 1.8 TSI 180 KM Z DSG R-LINE DYNAMICZNY I OSZCZEDNY SILNIK SZYBKA I NIEZAWODNA SKRZYNIA DSG AUTKO W PERFEKCYJNYM STANIE TECHNICZNYM I WIZUALNYM OBLEDNY LAKIER W KOMPLECIE Z CZANYMI ALUFELGAMI PREZENTUJE SIE NIESAMOWICIE WNETRZE JAK NOWE NOWE OPONYNOWY OLEJ I FILTRY NOWE HAMULCE PRZOD BEZ WKADU FINANSOWEGOmozliwosc dokupienia gwarancji technicznej z asistance do:24 miesiecy gwarancji car gwarant.pl, ktora obejmuje usterki techniczne (zwiazane z gwarancja) wynikle po nabyciu pojazdu min: silnik, skrzynia biegow, zawieszenie, mechanizmy roznicowe, paski rozrzadu waly pedne, obudowy - skrzyni biegow, silnikow, mostow itd. ( szczegoly u sprzedawcy)auto w rozliczeniu zamiany!kupujacy zwolnipony z oplaty skarbowej 2%pewne autaTELWyswietl numer- Dodatkowe informacje: liczba poduszek powietrznych: 10, liczba miejsc: 5, tapicerka: skoraNumer oferty: AKL17T9MQ	['Interfejs Bluetooth', 'Radio', 'Gniazdo USB', 'Klimatyzacja automatyczna, dwustrefowa', 'Tapicerka skorzana', 'Podgrzewany fotel kierowcy', 'Podgrzewany fotel pasazera', 'Sportowe fotele - przod', 'Podlokietniki - przod', 'Kierownica skorzana', 'Kierownica sportowa', 'Kierownica ze sterowaniem radia', 'Kierownica wielofunkcyjna', 'Elektryczne szyby przednie', 'Elektryczne szyby tylne', 'Przyciemniane tylne szyby', 'Tempomat', 'Lusterka boczne ustawiane elektrycznie', 'Lane assist - kontrola zmiany pasa ruchu', 'Swiatla do jazdy dziennej', 'Lampy przeciwmgielne', 'Elektroniczna kontrola cisnienia w oponach', 'Wspomaganie kierownicy', 'Felgi aluminiowe 18', 'Zawieszenie komfortowe', 'Zawieszenie sportowe', 'ABS', 'ESP', 'Asystent pasa ruchu', 'Poduszka powietrzna kierowcy', 'Poduszka powietrzna pasazera', 'Kurtyny powietrzne - przod', 'Poduszki powietrzne czolowe - tyl', 'Boczne poduszki powietrzne - przod', 'Kurtyny powietrzne - tyl', 'Boczne poduszki powietrzne - tyl', 'Poduszka powietrzna pasow bezpieczenstwa', 'Isofix (punkty mocowania fotelika dzieciecego)']	['LASPALMAS.OTOMOTO.PL', 'Sprzedajacy profesjonalny', 'Bardzo sprawnie odpowiada', 'Sprzedajacy na OTOMOTO od 2019']	Asnyka, Gdow, Polska - 32-420 Gdow, wielicki, Malopolskie (Polska)	Volkswagen Beetle
Firma	Tak	Volkswagen	New Beetle	2012	125619	19683	Diesel	140	Manualna	Na przednie kola	Kompakt	3	5	Bialy		Francja			Uzywane	VIN	https://www.otomoto.pl/osobowe/oferta/volkswagen-new-beetle-ID6FvYwo.html	38900	Samochod sprowadzony z Francji , zarejestrowany w krajuNiniejsze ogloszenie jest wylacznie informacja handlowa i nie stanowi oferty w mysl art. 66, SS 1. kodeksu cywilnego. Sprzedajacy nie odpowiada za ewentualne bledy lub nieaktualnosc ogloszenia. Zapis ten zostal zawarty ze wzgledu na mozliwosc drobnych ludzkich pomylek. jezeli zauwazyles niescislosc- napisz do nas, a niezwlocznie ja wyjasnimy.Szanowni Panstwo preferowany kontakt telefonicznyWyswietl numerna wiadomosci mailowe nie odpowiadam.	['Radio', 'Klimatyzacja automatyczna', 'Podgrzewany fotel kierowcy', 'Podgrzewany fotel pasazera', 'Tempomat', 'Kontrola odleglosci z tylu (przy parkowaniu)', 'Ogranicznik predkosci', 'Lampy przeciwmgielne', 'Wspomaganie kierownicy', 'ABS', 'ESP', 'Poduszka powietrzna pasazera', 'Isofix (punkty mocowania fotelika dzieciecego)']	['OLIMAR Auto Handel', 'Sprzedajacy profesjonalny', 'Sprzedajacy na OTOMOTO od 2008']	Zielona Laka, Ostrowska 16A - 63-300 Pleszew, pleszewski, Wielkopolskie (Polska)	Volkswagen New Beetle
Prywatne	Tak	Volkswagen	Beetle	2013	126200	11973	Benzyna	105	Manualna	Na przednie kola	Coupe	2	4	Czarny		Polska	Tak		Uzywane	VIN	https://www.otomoto.pl/osobowe/oferta/volkswagen-beetle-volkswagen-beetle-1-2-tsi-polski-salon-ID6FJVyP.html	43900	"Witam,posiadam na sprzedaz przepiekne auto Volkswagen Beetle zakupiony w krajowym salonie.Auto posiadam od dwoch lat. Samochod na biezaco serwisowany.Z wazniejszych rzeczy w ubieglym roku wymieniony kompletny rozrzad oraz koncowki drazkow kierowniczych.Samochod posiada aktualny przeglad techniczny oraz ubezpieczenie, 2x kluczyk.Auto jest na pieknych 17"" kolach z oponami letnimi, dokladam komplet opon zimowych 17"" (na ostatnim zdjeciu)."	['Radio', 'Klimatyzacja automatyczna', 'Tapicerka materialowa', 'Podlokietniki - przod', 'Kierownica sportowa', 'Elektryczne szyby przednie', 'Tempomat', 'Lusterka boczne ustawiane elektrycznie', 'Podgrzewane lusterka boczne', 'Kontrola trakcji', 'Wspomaganie ruszania pod gore- Hill Holder', 'Swiatla do jazdy dziennej', 'Wspomaganie kierownicy', 'Felgi stalowe', 'ABS', 'ESP', 'Elektroniczny system rozdzialu sily hamowania', 'Poduszka powietrzna kierowcy', 'Poduszka powietrzna pasazera', 'Boczna poduszka powietrzna kierowcy', 'Boczne poduszki powietrzne - przod', 'Isofix (punkty mocowania fotelika dzieciecego)']	['Paulina', 'Osoba prywatna', 'Sprzedajacy na OTOMOTO od 2017']	Rumia, wejherowski, Pomorskie	Volkswagen Beetle 1.2 TSI
Prywatne	Tak	Volkswagen	Beetle	2012	118000	11973	Benzyna	105	Manualna	Na przednie kola	Auta miejskie	3	4	Srebrny		Belgia		Tak	Uzywane	VIN	https://www.otomoto.pl/osobowe/oferta/volkswagen-beetle-beetle-vw-1-2-tsi-118-tys-bbs-19-bogate-wyposazenie-ID6FNw3s.html	39900	Dzien dobryMam na sprzedaz vw Beetle z 2012 roku. Auto po wymianie rozrzadu. Stan bdb. Bardzo bogato wyposazony. Tempomat, klimatyzacja, grzane skorzane fotele, naglosnienie z fabrycznym sowoferem, nawigacja, el. skladane lusterka, doswietlenie zakretow, kierownica multifunkcyjna, el. szyby, felgi bbs 19 i wiele innych. Ksiazka serwisowa, dwa kluczyki. Polecam. W razie pytan zapraszam do kontaktuWyswietl numer	['Interfejs Bluetooth', 'Radio', 'Zestaw glosnomowiacy', 'Gniazdo USB', 'System nawigacji satelitarnej', 'Ekran dotykowy', 'Klimatyzacja automatyczna', 'Tapicerka materialowa', 'Podgrzewany fotel kierowcy', 'Podgrzewany fotel pasazera', 'Podlokietniki - przod', 'Kierownica skorzana', 'Kierownica wielofunkcyjna', 'Dzwignia zmiany biegow wykonczona skora', 'Keyless entry', 'Keyless Go', 'Elektryczne szyby przednie', 'Przyciemniane tylne szyby', 'Tempomat', 'Kontrola odleglosci z przodu (przy parkowaniu)', 'Kontrola odleglosci z tylu (przy parkowaniu)', 'Lusterka boczne ustawiane elektrycznie', 'Podgrzewane lusterka boczne', 'Ogranicznik predkosci', 'Kontrola trakcji', 'Wspomaganie ruszania pod gore- Hill Holder', 'Lampy doswietlajace zakret', 'Swiatla do jazdy dziennej', 'Lampy przeciwmgielne', 'System Start/Stop', 'Wspomaganie kierownicy', 'ABS', 'ESP', 'System wspomagania hamowania', 'Poduszka powietrzna kierowcy', 'Poduszka powietrzna pasazera', 'Kurtyny powietrzne - przod', 'Boczne poduszki powietrzne - przod']	['Filip', 'Osoba prywatna', 'Sprzedajacy na OTOMOTO od 2015']	Poznan, Grunwald	Volkswagen Beetle The 1.2 TSI Exclusive Design
Firma	Tak	Volkswagen	Beetle	2013	179445	19683	Diesel	143	Manualna	Na przednie kola	Coupe	3	4	Bialy			Tak		Uzywane	VIN	https://www.otomoto.pl/osobowe/oferta/volkswagen-beetle-2-0-tdi-143km-r-line-style-abt-ID6FVJvJ.html	49900	"VW Beetle - 2.0 TDI 143KM R-Line - Style ABT Rok produkcji:	2013Pierwsza rejestracja:	08.2013Odczyt przebiegu z licznika:	179 tys kmRodzaj paliwa:	DieselMoc:	103 kW / 140 KMPojemnosc:	1 968 ccmSkrzynia biegow:	Manualna skrzynia biegowPrzeglad wygasa: 10.2023Rodzaj nadwozia:	LimuzynaLiczba poprzednich wlascicieli:	3  Kluczyki:	2BezwypoadkowyZarejestrowany w POLSCESiedzenia:	4Kolor:	Bialy - PERLA (Oryginalny)Tapicerka:	Skorzana Czarna (Oryginalny)Liczba drzwi:	3Samochod zakupiony jako bezwypadkowy i taki jest - w bardzo dobrym stanie.Autko ma calkowicie udokumntowany przebieg :- 2014.09.18 - przeglad wykonany przy przebiegu 26286 km ASO VW- 2016.11.10 - przeglad wykonany przy przebiegu 57891 km ASO VW- 2017.06.03 - przeglad diagnostyczny wykonany przy przebiegu 73655 km - 2018.02.12 - przeglad wykonany przy przebiegu 90250 km ASO VW- 2019.08.03 - przeglad diagnostyczny wykonany przy przebiegu 119660 km - 2020.02.12 - przeglad wykonany przy przebiegu 134845 km ASO VW- 2021.06.12 - przeglad  wykonany przy przebiegu 164361 km- 2023.03.01 - przeglad  wykonany przy przebiegu 177000 kmWykonany w Polsce.- Nowe sprzeglo + dwumas-  3000 zl - Nowa turbina - 2000 zl - DPF po regeneracji 800 zl - wymienione wszystkie oleje i filtry - 700 zlWidzimy ze samochod w pelni przygotowany do uzykowania - wsiadac i jezdzic bo to samam przyjemnosc.Samochod w stylizacji ABT - wersja fabryczna R-Line.Wydalem prawie 10 tys zl. Prosze barc to pod uwage patrzac na cene.Tak ze w tym momencie samochod tylko do uzytku bez jakiegokolwiek wkladu finansowego.W ciaglym uzytkowaniu.Nie jest najtanszy, ale w takiej stylizacji jedyny i technicznie ideal - na wszytko faktury.POLECAM SERDECZNIE.- Dodatkowe informacje: liczba poduszek powietrznych: 6, liczba miejsc: 4, tapicerka: skora, tapicerka kolor: czarnyNumer oferty: AKL17TBSB"	['Interfejs Bluetooth', 'Radio', 'Zestaw glosnomowiacy', 'Gniazdo USB', 'System nawigacji satelitarnej', 'System naglosnienia', 'Klimatyzacja automatyczna, dwustrefowa', 'Tapicerka skorzana', 'Podgrzewany fotel kierowcy', 'Podgrzewany fotel pasazera', 'Sportowe fotele - przod', 'Podlokietniki - przod', 'Kierownica skorzana', 'Czujnik deszczu', 'Elektryczne szyby przednie', 'Tempomat', 'Kontrola odleglosci z przodu (przy parkowaniu)', 'Kontrola odleglosci z tylu (przy parkowaniu)', 'Lusterka boczne ustawiane elektrycznie', 'Podgrzewane lusterka boczne', 'Kontrola trakcji', 'Czujnik zmierzchu', 'Swiatla do jazdy dziennej', 'Lampy przeciwmgielne', 'Elektroniczna kontrola cisnienia w oponach', 'Wspomaganie kierownicy', 'Felgi aluminiowe 17', 'Opony zimowe', 'ABS', 'ESP', 'Poduszka powietrzna kierowcy', 'Poduszka powietrzna pasazera', 'Kurtyny powietrzne - przod', 'Boczne poduszki powietrzne - przod', 'Isofix (punkty mocowania fotelika dzieciecego)']	['PIMICO', 'Sprzedajacy profesjonalny', 'Sprzedajacy na OTOMOTO od 2010']	Koscielniaka 113 - 41-409 Myslowice, Slaskie (Polska)	Volkswagen Beetle
Firma	Tak	Volkswagen	Beetle	2015	65497	11973	Benzyna	105	Manualna	Na przednie kola	Coupe	2	4	Szary		Niemcy		Tak	Uzywane	VIN	https://www.otomoto.pl/osobowe/oferta/volkswagen-beetle-65497km-stan-wzorowy-serwisowany-do-konca-w-aso-ID6FDTdy.html	48900	VW Beetle 1.2 TSi 105KM rozrzad na paskuBardzo niski przebieg 65tys km udokumentowany do konca.Auto w bardzo dobrym stanie technicznym i wizualnym.Przytarty  lewy przedni blotnik i zarysowany zderzak ,widoczny na zdjeciu,uszkodzenie kosmetyczne.Zgadzam sie na wizyte przed zakupem w ASO VW .Po oplatach. Wystawiam fakture marza Wnetrze jest bardzo przestronne.Auto jest zarejestrowane w Polsce.	['Interfejs Bluetooth', 'Radio', 'Ekran dotykowy', 'Dostep do internetu', 'Tapicerka materialowa', 'Elektryczne szyby przednie', 'Elektryczne szyby tylne', 'Kontrola odleglosci z przodu (przy parkowaniu)', 'Kontrola odleglosci z tylu (przy parkowaniu)', 'Lusterka boczne ustawiane elektrycznie', 'Podgrzewane lusterka boczne', 'Kontrola trakcji', 'Wspomaganie ruszania pod gore- Hill Holder', 'Czujnik zmierzchu', 'Lampy doswietlajace zakret', 'Swiatla do jazdy dziennej', 'Swiatla do jazdy dziennej diodowe LED', 'Lampy przeciwmgielne', 'Oswietlenie drogi do domu', 'Wspomaganie kierownicy', 'Felgi aluminiowe 16', 'Opony letnie', 'ABS', 'ESP', 'System wspomagania hamowania', 'Poduszka powietrzna kierowcy', 'Poduszka powietrzna pasazera', 'Kurtyny powietrzne - przod', 'Boczne poduszki powietrzne - przod', 'Isofix (punkty mocowania fotelika dzieciecego)']	['Chyncar Wojciech Chmielewski', 'Sprzedajacy profesjonalny', 'Sprzedajacy na OTOMOTO od 2017']	CHYNOW Glowna 38 - 05-650 Chynow, grojecki, Mazowieckie (Polska)	Volkswagen Beetle 1.2 TSI
